1957 BMW Isetta 600 (700),TMU · Manual · RHD · Restored-Modified,"Birmingham, GBR","£56,250
SOLD",Silverstone (UK),Auction,"Nov 12, 2022"
1959 BMW Isetta 600,TMU · Manual · LHD · Restored-Original,"Twinsburg, OH, USA","$56,000
SOLD",Bring a Trailer,Auction,"Nov 11, 2022"
1957 BMW Isetta 300,TMU · Manual · LHD · Restored-Original,"Twinsburg, OH, USA","$29,000
SOLD",Bring a Trailer,Auction,"Nov 11, 2022"
1957 BMW Isetta 300,TMU · Manual · LHD · Restored-Original,"Montreal, QC, CAN","$22,000
SOLD",PCARMARKET,Fixed-price,"Oct 27, 2022"
1957 BMW Isetta Project,TMU · Manual · LHD · Project,"Toronto, ON, CAN","CAD11,500
SOLD",Formula Auctions,Auction,"Oct 22, 2022"
1959 BMW Isetta 300,TMU · Manual · LHD · Restored-Original,Netherlands,"€22,000
SOLD",Catawiki,Auction,"Sep 29, 2022"
1958 BMW Isetta 600,TMU · Manual · LHD · Restored-Original,"Roseville, CA, USA","$67,200
SOLD",Bonhams,Auction,"Aug 19, 2022"
1961 BMW Isetta,TMU · Manual · RHD · Restored-Original,"Vale of White Horse, GBR","£14,000
SOLD",The Market by Bonhams,Auction,"Aug 18, 2022"
1959 BMW Isetta 300,Manual · LHD · Original & Highly Original,"Buxton, GBR","£10,125
SOLD",H&H Auctioneers UK,Auction,"Jul 27, 2022"
1958 BMW Isetta 600 Project,TMU · Manual · LHD · Project,"Hartford, VT, USA","$19,750
SOLD",Bring a Trailer,Auction,"Jul 5, 2022"
1958 BMW Isetta 300,TMU · Manual · LHD · Restored-Original,"Las Vegas, NV, USA","$44,000
SOLD",Barrett-Jackson,Auction,"Jul 2, 2022"
1957 BMW Isetta 300,TMU · Manual · LHD · Restored-Original,"Seattle, WA, USA","$25,000
SOLD",Bring a Trailer,Auction,"Jun 16, 2022"
1959 BMW Isetta 300,TMU · Manual · LHD · Restored-Original,"San Rafael, CA, USA","$30,911
SOLD",Bring a Trailer,Auction,"Jun 9, 2022"
1955 BMW Isetta 250 Bubble Window,TMU · Manual · LHD · Original & Highly Original,"Upland, CA, USA","$31,000
SOLD",Bring a Trailer,Auction,"Jun 3, 2022"
1958 BMW Isetta 300 Project,TMU · Manual · LHD · Project,"La Mesa, CA, USA","$20,250
SOLD",Bring a Trailer,Auction,"May 31, 2022"
1958 BMW Isetta 300,TMU · Manual · LHD · Restored-Original,"Rochester, IN, USA","$27,000
SOLD",Bring a Trailer,Auction,"May 26, 2022"
1958 BMW Isetta ‘Pick-up’,TMU · Manual · LHD · Restomod & Custom,"Ascot, GBR","£22,400
SOLD",Historics (UK),Auction,"May 21, 2022"
1958 BMW Isetta 300 Cabriolet,TMU · Manual · LHD · Restored-Modified,"Las Vegas, NV, USA","$35,005
SOLD",Bring a Trailer,Auction,"Apr 6, 2022"
1957 BMW Isetta 300,TMU · Manual · LHD · Restored-Original,"Houston, TX, USA","$32,000
SOLD",Mecum,Auction,"Apr 1, 2022"
1962 BMW Isetta 300 Cabriolet,TMU · Manual · LHD · Restored-Original,"Glendale, AZ, USA","$35,000
SOLD",Mecum,Auction,"Mar 17, 2022"
1957 BMW Isetta 300,TMU · Manual · LHD · Restored-Original,"Greensboro, NC, USA","$40,000
SOLD",GAA,Auction,"Feb 25, 2022"
1957 BMW Isetta 300 Cabriolet,TMU · Manual · LHD · Restored-Original,"Scottsdale, AZ, USA","$33,000
SOLD",Barrett-Jackson,Auction,"Jan 26, 2022"
1957 BMW Isetta 300,Manual · LHD · Restored-Original,"Scottsdale, AZ, USA","$26,950
SOLD",Barrett-Jackson,Auction,"Jan 24, 2022"
1958 BMW Isetta 300 Cabriolet,"19,000 mi · Manual · LHD · Restored-Original","Kissimmee, FL, USA","$56,000
SOLD",Mecum,Auction,"Jan 13, 2022"
1959 BMW Isetta Microcar,TMU · Manual · LHD · Restored-Original,"Kissimmee, FL, USA","$48,000
SOLD",Mecum,Auction,"Jan 9, 2022"
1960 BMW Isetta 300,TMU · Manual · LHD · Restored-Original,"Emeryville, CA, USA",SOLD,Fantasy Junction,Fixed-price,"Jan 7, 2022"
1957 BMW Isetta 300,"24,017 mi · Manual · LHD · Restored-Original","Miami, FL, USA","$30,500
SOLD",Hemmings,Fixed-price,"Jan 4, 2022"
1959 BMW Isetta 300,"27,000 mi · Manual · LHD · Restored-Original","Troutdale, OR, USA","$36,000
SOLD",Bring a Trailer,Auction,"Nov 19, 2021"
1958 BMW Isetta,"37,000 mi · Manual · LHD · Restored-Original","Bandera County, TX, USA","$37,000
SOLD",Bring a Trailer,Auction,"Nov 9, 2021"
1962 BMW Isetta 300,TMU · Manual · LHD · Restored-Original,"Greensboro, NC, USA","$37,000
SOLD",GAA,Auction,"Nov 4, 2021"
1959 BMW Isetta 300,TMU · Manual · LHD · Restored-Original,"Greeley, CO, USA","$42,500
SOLD",Bring a Trailer,Auction,"Nov 2, 2021"
1958 BMW Isetta 300,Manual · LHD · Restored-Original,"Hershey, PA, USA","$28,600
SOLD",RM Sotheby's,Auction,"Oct 8, 2021"
1957 BMW Isetta 300 Cabriolet Project,TMU · Manual · LHD · Project,"Hartford, VT, USA","$17,100
SOLD",Bring a Trailer,Auction,"Oct 1, 2021"
1960 BMW Isetta 300,"29,000 mi · Manual · LHD · Restored-Original","Lancaster, PA, USA","$30,000
SOLD",Bring a Trailer,Auction,"Sep 28, 2021"
1960 BMW Isetta,TMU · Manual · LHD · Restored-Original,"City of Saratoga Springs, NY, USA","$27,500
SOLD",Saratoga Motorcar Auctions,Auction,"Sep 24, 2021"
1959 BMW Isetta 600,TMU · Manual · LHD · Restored-Original,"Sacramento, CA, USA","$28,559
SOLD",Bring a Trailer,Auction,"Sep 22, 2021"
1957 BMW Isetta 300,TMU · Manual · LHD,"Fort Lauderdale, FL, USA","$26,600
SOLD",Bring a Trailer,Auction,"Sep 21, 2021"
1957 BMW Isetta 300,TMU · Manual · LHD · Restored-Original,"Houston, TX, USA","$46,200
SOLD",Barrett-Jackson,Auction,"Sep 17, 2021"
1959 BMW Isetta,"21,699 km (13,483 mi) · Manual · LHD","Auburn, IN, USA","$16,500
SOLD",RM Sotheby's,Auction,"Sep 3, 2021"
1959 BMW Isetta 300,"38,625 km (24,000 mi) · Manual · LHD","Auburn, IN, USA","$18,700
SOLD",RM Sotheby's,Auction,"Sep 3, 2021"
1957 BMW Isetta 300 Project,TMU · Manual · LHD · Project,"Marblehead, MA, USA","$13,250
SOLD",Bring a Trailer,Auction,"Aug 18, 2021"
"1956 BMW Isetta 300 ""Bubble Window""","16,973 mi · Manual · LHD · Restored-Original","Portland, OR, USA","$33,000
SOLD",PCARMARKET,Auction,"Aug 17, 2021"
1957 BMW Isetta 300 Convertible,"8,535 mi · Manual · LHD · Restored-Original","London, GBR","£19,250
SOLD",Collecting Cars,Auction,"Aug 5, 2021"
1958 BMW Isetta 600,"30,825 mi · Manual · LHD · Original & Highly Original","Warwick, GBR","£19,880
SOLD",Historics (UK),Auction,"Jul 17, 2021"
1960 BMW Isetta 300,TMU · Manual · LHD · Restored-Original,"Livingston, NY, USA","$28,000
SOLD",Bring a Trailer,Auction,"Jul 5, 2021"
1957 BMW Isetta,TMU · Manual · LHD · Unable to Determine,"Village of Farmingdale, NY, USA",SOLD,Motorcar Classics,Fixed-price,"Jun 29, 2021"
1957 BMW Isetta,TMU · Manual · LHD · Unable to Determine,"Village of Farmingdale, NY, USA",SOLD,Motorcar Classics,Fixed-price,"Jun 29, 2021"
1957 BMW Isetta 300,Manual · LHD · Restored-Original,"Las Vegas, NV, USA","$17,600
SOLD",Barrett-Jackson,Auction,"Jun 18, 2021"
1957 BMW Isetta Convertible,Manual · LHD · Restored-Original,"Las Vegas, NV, USA","$41,800
SOLD",Barrett-Jackson,Auction,"Jun 18, 2021"
1957 BMW Isetta 300,TMU · Manual · LHD · Restored-Original,"Vaughan, ON, CAN","$41,500
SOLD",Bring a Trailer,Auction,"Jun 16, 2021"
1957 BMW Isetta 300 Bubble Window Convertible,Manual · LHD · Restored-Original,"Indianapolis, IN, USA","$47,300
SOLD",Mecum,Auction,"May 20, 2021"
1958 BMW Isetta 600,TMU,"Port Clinton, OH, USA","$34,000
SOLD",Bring a Trailer,Auction,"Apr 11, 2021"
1959 BMW Isetta 300,"7,891 mi","Longueuil, QC, CAN","$24,000
SOLD",PCARMARKET,Auction,"Apr 8, 2021"
1959 BMW Isetta 300,TMU,"Auburn Hills, MI, USA","$25,250
SOLD",Bring a Trailer,Auction,"Apr 3, 2021"
1956 BMW Isetta 300,,"Scottsdale, AZ, USA","$34,100
SOLD",Barrett-Jackson,Auction,"Mar 24, 2021"
1958 BMW 600,,"Scottsdale, AZ, USA","$44,000
SOLD",Barrett-Jackson,Auction,"Mar 24, 2021"
1960 BMW Isetta 300 Convertible,"16,135 mi","Scottsdale, AZ, USA","$24,200
SOLD",Barrett-Jackson,Auction,"Mar 24, 2021"
1961 BMW Isetta,TMU · Manual · LHD · Restored-Original,"Neuilly-sur-Seine, FRA","€42,840
SOLD",Aguttes,Auction,"Mar 21, 2021"
1956 BMW Isetta 300 Bubble Window z-Bar Project,"7,000 mi","Orange County, CA, USA","$13,000
SOLD",Bring a Trailer,Auction,"Mar 17, 2021"
1959 BMW Isetta 300,TMU,"East Gwillimbury, ON, CAN","$32,000
SOLD",Bring a Trailer,Auction,"Mar 10, 2021"
1960 BMW Isetta 600,TMU,"St. Andrews, MB, CAN","$72,000
SOLD",Bring a Trailer,Auction,"Mar 3, 2021"
1957 BMW Isetta 300,"10,637 mi · Manual · LHD · Restored-Original","Twinsburg, OH, USA","$33,500
SOLD",PCARMARKET,Fixed-price,"Mar 3, 2021"
1956 BMW Isetta 300,TMU,"Indianapolis, IN, USA","$18,335
SOLD",Bring a Trailer,Auction,"Feb 24, 2021"
1958 BMW Isetta 300,TMU,"Racine County, WI, USA","$31,050
SOLD",Bring a Trailer,Auction,"Feb 11, 2021"
1957 BMW Isetta Cabriolet,,"Kissimmee, FL, USA","$58,300
SOLD",Mecum,Auction,"Jan 16, 2021"
1958 BMW Isetta 300,,"Kissimmee, FL, USA","$36,300
SOLD",Mecum,Auction,"Jan 15, 2021"
1960 BMW Isetta,TMU,"Kissimmee, FL, USA","$29,700
SOLD",Mecum,Auction,"Jan 14, 2021"
1957 BMW Isetta 300,"25,000 mi","Vancouver, BC, CAN","$29,050
SOLD",Bring a Trailer,Auction,"Jan 5, 2021"
1959 BMW Isetta 300 Project,"15,000 mi","Belvidere, IL, USA","$17,217
SOLD",Bring a Trailer,Auction,"Nov 30, 2020"
1957 BMW Isetta 300 Cabriolet,"11,000 mi","Indianapolis, IN, USA","$25,250
SOLD",Bring a Trailer,Auction,"Nov 3, 2020"
1957 BMW Isetta 300,,"Elkhart, IN, USA","$34,720
SOLD",RM Sotheby's,Auction,"Oct 24, 2020"
1957 BMW Isetta 300,TMU,,"£14,985
SOLD",CCA Everyman Classics (UK),Auction,"Sep 19, 2020"
1961 BMW Isetta 300,TMU,,"£10,212
SOLD",CCA Everyman Classics (UK),Auction,"Sep 19, 2020"
1959 BMW Isetta 600,"38,000 mi","Charlotte, NC, USA","$30,027
SOLD",Bring a Trailer,Auction,"Sep 16, 2020"
1958 BMW Isetta 300 Microcar,,"Etterbeek, BEL","€14,375
SOLD",Bonhams,Auction,"Sep 6, 2020"
1957 BMW Isetta 300,"22,000 mi","Los Angeles, CA, USA","$14,500
SOLD",Bring a Trailer,Auction,"Sep 1, 2020"
1957 BMW Isetta 300,,"Kissimmee, FL, USA","$28,600
SOLD",Mecum,Auction,"Aug 27, 2020"
1957 BMW Isetta 300,,"Greenville, SC, USA","$29,120
SOLD",Bonhams,Auction,"Aug 14, 2020"
1957 BMW Isetta 300,"23,000 mi","Tucson, AZ, USA","$26,000
SOLD",Bring a Trailer,Auction,"Aug 14, 2020"
1957 BMW Isetta,"11,000 mi","East Gwillimbury, ON, CAN","$23,750
SOLD",Bring a Trailer,Auction,"Jul 21, 2020"
1957 BMW Isetta 300,,"Indianapolis, IN, USA","$22,000
SOLD",Mecum,Auction,"Jul 12, 2020"
1957 BMW Isetta 300 Cabriolet,"19,000 mi","Corpus Christi, TX, USA","$30,250
SOLD",Bring a Trailer,Auction,"Jun 25, 2020"
1957 BMW Isetta 300,"2,070 mi",,"$31,900
SOLD",RM Sotheby's,Auction,"May 29, 2020"
1958 BMW Isetta 300,"12,000 mi","Chicago, IL, USA","$33,250
SOLD",Bring a Trailer,Auction,"May 14, 2020"
1957 BMW Isetta 300,4 mi,"Ann Arbor, MI, USA","$27,500
SOLD",Bring a Trailer,Auction,"May 7, 2020"
1958 BMW Isetta 600,"10,000 km (6,214 mi)","Charlotte, NC, USA","$30,058
SOLD",Bring a Trailer,Auction,"Apr 22, 2020"
1958 BMW Isetta 300 Project,"12,000 mi","Dallas, TX, USA","$13,250
SOLD",Bring a Trailer,Auction,"Mar 17, 2020"
1959 BMW Isetta 600,,"Fernandina Beach, FL, USA","$24,640
SOLD",Bonhams,Auction,"Mar 5, 2020"
1957 BMW Isetta 300,,"Fernandina Beach, FL, USA","$25,760
SOLD",Bonhams,Auction,"Mar 5, 2020"
1957 BMW Isetta 300,"33,000 mi","Marblehead, MA, USA","$41,000
SOLD",Bring a Trailer,Auction,"Feb 21, 2020"
1960 BMW Isetta 300,,"Scottsdale, AZ, USA","$39,600
SOLD",Barrett-Jackson,Auction,"Jan 19, 2020"
1959 BMW Isetta 300 Coupe,,"Scottsdale, AZ, USA","$29,000
SOLD",Russo and Steele,Auction,"Jan 17, 2020"
1957 Isetta 300,,"Scottsdale, AZ, USA","$33,000
SOLD",Barrett-Jackson,Auction,"Jan 16, 2020"
1959 BMW Isetta 300,"13,000 mi","San Diego County, CA, USA","$26,000
SOLD",Bring a Trailer,Auction,"Jan 16, 2020"
1956 BMW Isetta 300,,"Scottsdale, AZ, USA","$27,500
SOLD",Barrett-Jackson,Auction,"Jan 14, 2020"
1958 BMW Isetta 300,100 mi,"Lincoln, NE, USA","$45,900
SOLD",Bring a Trailer,Auction,"Jan 9, 2020"
1957 BMW Isetta 300,,"Kissimmee, FL, USA","$31,900
SOLD",Mecum,Auction,"Jan 5, 2020"
1958 BMW Isetta 300,"1,500 mi","Cumberland County, NJ, USA","$23,250
SOLD",Bring a Trailer,Auction,"Dec 5, 2019"
1962 BMW Isetta 300,,"Solihull, GBR","£16,875
SOLD",Silverstone (UK),Auction,"Nov 10, 2019"
1957 BMW Isetta,"31,000 mi","Pulaski County, GA, USA","$21,013
SOLD",Bring a Trailer,Auction,"Oct 29, 2019"
1959 BMW Isetta 600,130 mi,"Schaumburg, IL, USA","$38,500
SOLD",Mecum,Auction,"Oct 25, 2019"
1958 BMW Isetta 300,"23,000 mi","Southlake, TX, USA","$26,050
SOLD",Bring a Trailer,Auction,"Oct 22, 2019"
1957 BMW Isetta 300,"40,000 km (24,855 mi)","Lincoln, NE, USA","$33,000
SOLD",Bring a Trailer,Auction,"Oct 15, 2019"
1957 BMW Isetta 300 Hardtop,,"Corpus Christi, TX, USA","$18,700
SOLD",Worldwide Auctioneers,Auction,"Oct 4, 2019"
1957 BMW Isetta 300 Convertible,,"Corpus Christi, TX, USA","$26,400
SOLD",Worldwide Auctioneers,Auction,"Oct 4, 2019"
1959 BMW Isetta Bubble Car,,,"£12,210
SOLD",CCA Everyman Classics (UK),Auction,"Oct 4, 2019"
1958 BMW Isetta 300 Microcar,,"New Forest, GBR","£11,212
SOLD",Bonhams,Auction,"Sep 7, 2019"
1957 BMW Isetta 300,,"Monterey, CA, USA","$33,000
SOLD",Mecum,Auction,"Aug 16, 2019"
1959 BMW Isetta 300,,"Pebble Beach, CA, USA","$41,440
SOLD",Gooding & Company,Auction,"Aug 16, 2019"
1958 BMW Isetta 300,,"Harrisburg, PA, USA","$28,600
SOLD",Mecum,Auction,"Aug 2, 2019"
1958 BMW Isetta 600,"24,000 mi","Tempe, AZ, USA","$25,850
SOLD",Bring a Trailer,Auction,"Jun 24, 2019"
1958 BMW Isetta 600,,"Greenwich, CT, USA","$31,360
SOLD",Bonhams,Auction,"Jun 2, 2019"
1957 BMW Isetta 300,,"Indianapolis, IN, USA","$30,800
SOLD",Mecum,Auction,"May 14, 2019"
1957 BMW Isetta 300 Bubble Window z-Bar,,"Tupelo, MS, USA","$22,400
SOLD",Bonhams,Auction,"Apr 27, 2019"
1957 BMW Isetta 300,,"Houston, TX, USA","$34,100
SOLD",Mecum,Auction,"Apr 6, 2019"
1959 BMW Isetta 300,,"Paris, FRA","€40,528
SOLD",Artcurial (EU),Auction,"Feb 8, 2019"
1956 BMW Isetta 300 Bubble Window z-Bar,,"Parkway, CA, USA","$25,200
SOLD",Bonhams,Auction,"Jan 17, 2019"
1960 BMW Isetta 300 Convertible,,"Scottsdale, AZ, USA","$22,000
SOLD",Barrett-Jackson,Auction,"Jan 14, 2019"
1957 BMW Isetta,,"Kissimmee, FL, USA","$19,800
SOLD",Mecum,Auction,"Jan 13, 2019"
1957 BMW Isetta Project,"23,000 mi","Monterey County, CA, USA","$9,444
SOLD",Bring a Trailer,Auction,"Nov 27, 2018"
1959 BMW Isetta,,"Schaumburg, IL, USA","$37,400
SOLD",Mecum,Auction,"Oct 26, 2018"
1958 BMW 600,"2,010 km (1,249 mi)","Los Angeles, CA, USA","$27,072
SOLD",Bring a Trailer,Auction,"Sep 4, 2018"
1957 BMW Isetta 300,,"Auburn, IN, USA","$29,700
SOLD",Worldwide Auctioneers,Auction,"Sep 1, 2018"
1957 BMW Isetta,,"Monterey, CA, USA","$34,650
SOLD",Mecum,Auction,"Aug 23, 2018"
1956 BMW Isetta 300,,"Napa, CA, USA","$40,000
SOLD",Bring a Trailer,Auction,"Aug 20, 2018"
1957 BMW Isetta 300,"38,000 mi","Montreal, QC, CAN","$22,000
SOLD",Bring a Trailer,Auction,"Aug 3, 2018"
1958 BMW Isetta,"15,000 mi","Waukee, IA, USA","$23,750
SOLD",Bring a Trailer,Auction,"Jul 10, 2018"
1959 BMW Isetta,,"Denver, CO, USA","$25,300
SOLD",Mecum,Auction,"Jun 9, 2018"
1958 BMW Isetta 300,100 mi,"Concord, CA, USA","$19,750
SOLD",Bring a Trailer,Auction,"May 24, 2018"
1958 BMW Isetta,,"Indianapolis, IN, USA","$33,000
SOLD",Mecum,Auction,"May 17, 2018"
1957 BMW Isetta Convertible,,"Palm Beach County, FL, USA","$57,200
SOLD",Barrett-Jackson,Auction,"Apr 13, 2018"
1959 BMW Isetta 300 Micro Car,,"Chichester, GBR","£11,500
SOLD",Bonhams,Auction,"Mar 18, 2018"
1957 BMW Isetta 300 Cabriolet,"21,000 mi","Washington County, MD, USA","$56,250
SOLD",Bring a Trailer,Auction,"Mar 13, 2018"
1957 BMW Isetta 300,,"Greensboro, NC, USA","$31,500
SOLD",GAA,Auction,"Mar 3, 2018"
1959 BMW 600,,"Austin, TX, USA","$15,000
SOLD",Bring a Trailer,Auction,"Feb 8, 2018"
1958 BMW Isetta 600,"21,000 mi","San Jose, CA, USA","$28,500
SOLD",Bring a Trailer,Auction,"Feb 1, 2018"
1959 BMW 600,,"Scottsdale, AZ, USA","$35,200
SOLD",Barrett-Jackson,Auction,"Jan 18, 2018"
1957 BMW Isetta Convertible,,"Scottsdale, AZ, USA","$47,300
SOLD",Barrett-Jackson,Auction,"Jan 18, 2018"
1957 BMW Isetta Pickup,,"Calgary, AB, CAN","$12,400
SOLD",Bring a Trailer,Auction,"Jan 17, 2018"
1958 BMW Isetta,,"Kissimmee, FL, USA","$37,400
SOLD",Mecum,Auction,"Jan 13, 2018"
1958 BMW 300,,"Kissimmee, FL, USA","$58,300
SOLD",Mecum,Auction,"Jan 12, 2018"
1957 BMW Isetta,"20,000 mi","Kissimmee, FL, USA","$59,400
SOLD",Mecum,Auction,"Jan 11, 2018"
1957 BMW Isetta 300 Deluxe,,"Kissimmee, FL, USA","$35,200
SOLD",Mecum,Auction,"Jan 9, 2018"
1957 BMW Isetta 300,,"Kissimmee, FL, USA","$30,800
SOLD",Mecum,Auction,"Jan 9, 2018"
1959 BMW Isetta 300 Microcar,,"London, GBR","£14,375
SOLD",Bonhams,Auction,"Dec 6, 2017"
1962 BMW Isetta,,"Greensboro, NC, USA","$26,000
SOLD",GAA,Auction,"Nov 25, 2017"
1958 BMW Isetta 300 Deluxe Cabriolet,,"Las Vegas, NV, USA","$32,000
SOLD",Mecum,Auction,"Nov 17, 2017"
1961 BMW Isetta 300,,"Paris, FRA","€19,072
SOLD",Artcurial (EU),Auction,"Nov 5, 2017"
1960 BMW 600,100 mi,"Schaumburg, IL, USA","$26,000
SOLD",Mecum,Auction,"Oct 6, 2017"
1961 BMW 600 Project,"38,290 mi","Houston, TX, USA","$3,850
SOLD",Bring a Trailer,Auction,"Oct 2, 2017"
1958 BMW Isetta 300,"23,347 mi","San Francisco, CA, USA","$55,000
SOLD",Bring a Trailer,Auction,"Sep 26, 2017"
1960 BMW Isetta,TMU · Manual · LHD · Restored-Original,"City of Saratoga Springs, NY, USA","$27,500
SOLD",Saratoga Motorcar Auctions,Auction,"Sep 22, 2017"
1958 BMW Isetta 300,,"Dallas, TX, TX, USA","$27,000
SOLD",Mecum,Auction,"Sep 9, 2017"
1958 BMW Isetta 300,,"Auburn, IN, USA","$33,000
SOLD",RM Sotheby's,Auction,"Sep 3, 2017"
1957 BMW Isetta 600 'Limousine',,"Auburn, IN, USA","$31,350
SOLD",RM Sotheby's,Auction,"Sep 3, 2017"
1958 BMW Isetta,,"Monterey, CA, USA","$45,000
SOLD",Mecum,Auction,"Aug 18, 2017"
1959 BMW Isetta 300 Project,"10,000 mi","Lincoln, NE, USA","$20,500
SOLD",Bring a Trailer,Auction,"Aug 11, 2017"
1959 BMW Isetta,,"Newport Beach, CA, USA","$31,350
SOLD",Russo and Steele,Auction,"Jun 2, 2017"
1961 BMW Isetta,"48,415 mi · Manual · RHD · Project","Ascot, GBR","£7,728
SOLD",Historics (UK),Auction,"May 20, 2017"
1958 BMW Isetta,,"Indianapolis, IN, USA","$29,000
SOLD",Mecum,Auction,"May 17, 2017"
1957 BMW Isetta 300,,"Palm Beach County, FL, USA","$27,500
SOLD",Barrett-Jackson,Auction,"Apr 6, 2017"
1957 BMW Isetta,,"Fort Lauderdale, FL, USA","$28,600
SOLD",RM Sotheby's,Auction,"Apr 2, 2017"
1957 BMW Isetta,,"Pomona, CA, USA","$32,000
SOLD",Mecum,Auction,"Feb 18, 2017"
1957 BMW Isetta 300,,"Hockessin, Delaware, DE, USA","$39,757
SOLD",Bring a Trailer,Auction,"Jan 26, 2017"
1959 BMW Isetta 300,,"Scottsdale, AZ, USA","$33,000
SOLD",Barrett-Jackson,Auction,"Jan 22, 2017"
1958 BMW Isetta 300 Cabriolet,,"Scottsdale, AZ, USA","$33,000
SOLD",Barrett-Jackson,Auction,"Jan 18, 2017"
1958 BMW Isetta 300,,"Scottsdale, AZ, USA","$27,500
SOLD",Barrett-Jackson,Auction,"Jan 18, 2017"
1958 BMW Isetta 300,,"Scottsdale, AZ, USA","$30,800
SOLD",Russo and Steele,Auction,"Jan 18, 2017"
1958 BMW Isetta 300,,"Scottsdale, AZ, USA","$24,200
SOLD",Barrett-Jackson,Auction,"Jan 17, 2017"
1957 BMW Isetta 300,,"Kissimmee, FL, USA","$40,000
SOLD",Mecum,Auction,"Jan 13, 2017"
1957 BMW Isetta 300 Convertible,,"Kissimmee, FL, USA","$30,500
SOLD",Mecum,Auction,"Jan 12, 2017"
1957 BMW Isetta 300,"36,690 mi · Manual · RHD · Restored-Original","Elmbridge, GBR","£19,040
SOLD",Historics (UK),Auction,"Nov 26, 2016"
1957 BMW Isetta 300 Plus (Bubble Window),"21,154 mi · Manual · LHD","Elmbridge, GBR","£19,600
SOLD",Historics (UK),Auction,"Nov 26, 2016"
1962 BMW Isetta 300,"47,479 mi · Manual · RHD · Restored-Original","Elmbridge, GBR","£7,392
SOLD",Historics (UK),Auction,"Nov 26, 2016"
1959 BMW Isetta 600 Limousine,,"Dallas, TX, TX, USA","$42,000
SOLD",Mecum,Auction,"Nov 5, 2016"
1958 BMW Isetta 300,,"Greensboro, NC, USA","$27,500
SOLD",GAA,Auction,"Oct 28, 2016"
1958 BMW Isetta 300 Custom Coupe,,"Las Vegas, NV, USA","$21,450
SOLD",Barrett-Jackson,Auction,"Oct 14, 2016"
1957 BMW Isetta 300,,"Las Vegas, NV, USA","$35,200
SOLD",Barrett-Jackson,Auction,"Oct 14, 2016"
1960 BMW Isetta 600,,"Auburn, IN, USA","$23,100
SOLD",RM Sotheby's,Auction,"Sep 4, 2016"
1957 BMW Isetta,,"Monterey, CA, USA","$42,500
SOLD",Mecum,Auction,"Aug 18, 2016"
1958 BMW Isetta 600 Limo,,"Monterey, CA, USA","$35,200
SOLD",Russo and Steele,Auction,"Aug 18, 2016"
1957 BMW Isetta,,"Harrisburg, PA, USA","$25,000
SOLD",Mecum,Auction,"Jul 22, 2016"
1956 BMW Isetta,,"Montville, CT, USA","$32,450
SOLD",Barrett-Jackson,Auction,"Jun 25, 2016"
1957 BMW Isetta 300,,"Montville, CT, USA","$35,750
SOLD",Barrett-Jackson,Auction,"Jun 24, 2016"
1958 BMW Isetta,,"Indianapolis, IN, USA","$31,000
SOLD",Mecum,Auction,"May 18, 2016"
1958 BMW Isetta 600,"1,560 mi","Laguna Beach, CA, USA","$30,000
SOLD",Bring a Trailer,Auction,"Apr 27, 2016"
1957 BMW Isetta 300,,"Fort Lauderdale, FL, USA","$30,000
SOLD",RM Sotheby's,Auction,"Apr 3, 2016"
1957 BMW Isetta 300,,"Scottsdale, AZ, USA","$60,500
SOLD",Barrett-Jackson,Auction,"Jan 31, 2016"
1958 BMW 600,,"Phoenix, AZ, USA","$24,750
SOLD",RM Sotheby's,Auction,"Jan 29, 2016"
1959 BMW Isetta 300,,"Scottsdale, AZ, USA","$44,000
SOLD",Barrett-Jackson,Auction,"Jan 27, 2016"
1957 BMW Isetta,,"Kissimmee, FL, USA","$35,000
SOLD",Mecum,Auction,"Jan 21, 2016"
1956 BMW Isetta 300,,"Hilton Head Island, SC, USA","$35,200
SOLD",RM Sotheby's,Auction,"Oct 31, 2015"
1961 BMW Isetta 250,500 mi,"Athens, GRC","$20,353
SOLD",Bring a Trailer,Auction,"Oct 27, 2015"
1957 BMW Isetta 300,,"Las Vegas, NV, USA","$42,900
SOLD",Barrett-Jackson,Auction,"Sep 25, 2015"
1958 BMW Isetta,,"Dallas, TX, TX, USA","$35,000
SOLD",Mecum,Auction,"Sep 19, 2015"
1958 BMW Isetta 300,,"Dallas, TX, TX, USA","$25,000
SOLD",Mecum,Auction,"Sep 17, 2015"
1957 BMW Isetta 250,,"Monterey, CA, USA","$32,000
SOLD",Mecum,Auction,"Aug 14, 2015"
1960 BMW Isetta Coupe,,"Monterey, CA, USA","$28,600
SOLD",Russo and Steele,Auction,"Aug 13, 2015"
1957 BMW 300 Isetta,,"Harrisburg, PA, USA","$38,500
SOLD",Mecum,Auction,"Jul 31, 2015"
1959 BMW Isetta Convertible,,"Denver, CO, USA","$40,000
SOLD",Mecum,Auction,"Jun 27, 2015"
1959 BMW Isetta,,"Paris, FRA","€23,840
SOLD",Artcurial (EU),Auction,"Jun 22, 2015"
1957 BMW Isetta 300,,,"$24,200
SOLD",Auctions America (RM Sotheby's),Auction,"May 9, 2015"
1958 BMW Isetta 300,,"Kansas City, MO, USA","$20,000
SOLD",Mecum,Auction,"Apr 24, 2015"
1959 BMW Isetta 600,,"Fort Lauderdale, FL, USA","$24,200
SOLD",RM Sotheby's,Auction,"Mar 29, 2015"
1961 BMW Isetta 300,,"Fort Lauderdale, FL, USA","$23,650
SOLD",RM Sotheby's,Auction,"Mar 29, 2015"
1960 BMW Isetta 300 3-Wheel Bubble Car,,,"£3,600
SOLD",Silverstone (UK),Auction,"Mar 28, 2015"
1957 BMW Isetta 300 4-Wheel Bubble Car,,,"£4,838
SOLD",Silverstone (UK),Auction,"Mar 28, 2015"
1960 BMW Isetta 300,,"Nassau County, FL, USA","$26,400
SOLD",Gooding & Company,Auction,"Mar 13, 2015"
1958 BMW Isetta 600,,"Fernandina Beach, FL, USA","$37,400
SOLD",Bonhams,Auction,"Mar 12, 2015"
1957 BMW Isetta 300,200 mi,"Kissimmee, FL, USA","$35,000
SOLD",Mecum,Auction,"Jan 22, 2015"
1957 BMW Isetta 300 Coupe,,"Scottsdale, AZ, USA","$34,100
SOLD",Barrett-Jackson,Auction,"Jan 18, 2015"
1959 BMW Isetta 300,,"Fernandina Beach, FL, USA","$55,000
SOLD",RM Sotheby's,Auction,"Jan 17, 2015"
1958 BMW Isetta 600 Limousine,,"Kissimmee, FL, USA","$34,500
SOLD",Mecum,Auction,"Jan 17, 2015"
1956 BMW Isetta 300 Convertible,,"Scottsdale, AZ, USA","$68,200
SOLD",Gooding & Company,Auction,"Jan 16, 2015"
1960 BMW 600 Sedan,,"Scottsdale, AZ, USA","$34,650
SOLD",Barrett-Jackson,Auction,"Jan 14, 2015"
1957 BMW Isetta 300 Convertible,,"Scottsdale, AZ, USA","$34,100
SOLD",Barrett-Jackson,Auction,"Jan 14, 2015"
1958 BMW Isetta Coupe,,"Scottsdale, AZ, USA","$35,200
SOLD",Barrett-Jackson,Auction,"Jan 14, 2015"
1957 BMW Isetta 300,,"Scottsdale, AZ, USA","$38,500
SOLD",Barrett-Jackson,Auction,"Jan 13, 2015"
1956 BMW Isetta Convertible,,"Scottsdale, AZ, USA","$93,500
SOLD",Barrett-Jackson,Auction,"Jan 13, 2015"
1957 BMW Isetta 250 2 Door Coupe,,"Scottsdale, AZ, USA","$23,100
SOLD",Barrett-Jackson,Auction,"Jan 12, 2015"
1957 BMW Isetta,,"Austin, TX, USA","$31,000
SOLD",Mecum,Auction,"Dec 12, 2014"
1960 BMW Isetta 600,,"Kansas City, MO, USA","$31,500
SOLD",Mecum,Auction,"Dec 6, 2014"
1962 BMW Isetta,,"Solihull, GBR","£15,750
SOLD",Silverstone (UK),Auction,"Nov 16, 2014"
1959 BMW Isetta,,"Anaheim, CA, USA","$38,000
SOLD",Mecum,Auction,"Nov 15, 2014"
1959 BMW Isetta 600 Limousine,,"Schaumburg, IL, USA","$32,000
SOLD",Mecum,Auction,"Oct 11, 2014"
1958 BMW Isetta 300 Landespolizei,,"Dallas, TX, TX, USA","$34,000
SOLD",Mecum,Auction,"Sep 5, 2014"
1958 BMW Isetta 600 Limo,,"Auburn, IN, USA","$39,600
SOLD",Worldwide Auctioneers,Auction,"Aug 30, 2014"
1958 BMW Isetta 300,,"Carmel, CA, USA","$24,200
SOLD",Bonhams,Auction,"Aug 15, 2014"
1957 BMW Isetta,,"Monterey, CA, USA","$26,000
SOLD",Mecum,Auction,"Aug 14, 2014"
1957 BMW Isetta 300,,"Monterey, CA, USA","$29,150
SOLD",Russo and Steele,Auction,"Aug 14, 2014"
1957 BMW Isetta 300,,"Santa Monica, CA, USA","$20,900
SOLD",RM Sotheby's,Auction,"Aug 2, 2014"
1957 BMW Isetta,,"Santa Monica, CA, USA","$3,850
SOLD",RM Sotheby's,Auction,"Aug 2, 2014"
1959 BMW Isetta,,"Indianapolis, IN, USA","$33,480
SOLD",Mecum,Auction,"May 17, 2014"
1956 BMW Isetta 300 Bubble Window,"8,600 mi","Indianapolis, IN, USA","$26,500
SOLD",Mecum,Auction,"May 13, 2014"
1957 BMW Isetta 300,,"Auburn, IN, USA","$24,750
SOLD",RM Sotheby's,Auction,"May 10, 2014"
1958 BMW Isetta 300,,"Houston, TX, USA","$40,700
SOLD",Worldwide Auctioneers,Auction,"May 3, 2014"
1959 BMW Isetta 300,,"Palm Beach County, FL, USA","$25,850
SOLD",Barrett-Jackson,Auction,"Apr 13, 2014"
1957 BMW Isetta 300 Convertible,,"Palm Beach County, FL, USA","$29,700
SOLD",Barrett-Jackson,Auction,"Apr 11, 2014"
1957 BMW Isetta 300 Cabriolet,,"Palm Beach County, FL, USA","$44,000
SOLD",Barrett-Jackson,Auction,"Apr 11, 2014"
1957 BMW Isetta 300,,"Houston, TX, USA","$19,500
SOLD",Mecum,Auction,"Apr 11, 2014"
1958 BMW Isetta 300,,"Houston, TX, USA","$26,000
SOLD",Mecum,Auction,"Apr 10, 2014"
1957 BMW Isetta 300,,"Fort Lauderdale, FL, USA","$31,350
SOLD",RM Sotheby's,Auction,"Mar 16, 2014"
1956 BMW Isetta 300,,"Fort Lauderdale, FL, USA","$42,900
SOLD",RM Sotheby's,Auction,"Mar 16, 2014"
1958 (Titled as A 1959) BMW 600,,"Fernandina Beach, FL, USA","$55,000
SOLD",RM Sotheby's,Auction,"Mar 8, 2014"
1959 BMW Isetta 300,,"Nassau County, FL, USA","$48,400
SOLD",Gooding & Company,Auction,"Mar 7, 2014"
1956 BMW Isetta 300,,"Nassau County, FL, USA","$41,800
SOLD",Gooding & Company,Auction,"Mar 7, 2014"
1959 BMW 600,,"Nassau County, FL, USA","$39,600
SOLD",Gooding & Company,Auction,"Mar 7, 2014"
1961 Isetta 300 Export Deluxe,,"Paris, FRA","€14,304
SOLD",Artcurial (EU),Auction,"Feb 7, 2014"
1958 BMW Isetta 300 Voiturette,,"Paris, FRA","€16,100
SOLD",Bonhams,Auction,"Feb 6, 2014"
1958 BMW Isetta 300,,"Kissimmee, FL, USA","$34,000
SOLD",Mecum,Auction,"Jan 24, 2014"
1957 BMW Isetta,,"Kissimmee, FL, USA","$33,000
SOLD",Mecum,Auction,"Jan 23, 2014"
1957 BMW Isetta,,"Scottsdale, AZ, USA","$37,400
SOLD",Gooding & Company,Auction,"Jan 18, 2014"
1957 BMW Isetta 300,,"Phoenix, AZ, USA","$38,500
SOLD",RM Sotheby's,Auction,"Jan 17, 2014"
1959 BMW 600,,"Phoenix, AZ, USA","$63,250
SOLD",RM Sotheby's,Auction,"Jan 17, 2014"
1957 BMW Isetta 300,,"Phoenix, AZ, USA","$30,250
SOLD",RM Sotheby's,Auction,"Jan 17, 2014"
1959 BMW Isetta Custom Micro,,"Scottsdale, AZ, USA","$56,100
SOLD",Barrett-Jackson,Auction,"Jan 17, 2014"
1957 BMW Isetta Convertible,,"Scottsdale, AZ, USA","$47,300
SOLD",Barrett-Jackson,Auction,"Jan 16, 2014"
1957 BMW Isetta 300 Cabriolet,,"Scottsdale, AZ, USA","$51,700
SOLD",Barrett-Jackson,Auction,"Jan 15, 2014"
1959 BMW Isetta 600 Limousine,,"Monterey, CA, USA","$46,000
SOLD",Mecum,Auction,"Aug 17, 2013"
1957 BMW Isetta Convertible,,"Monterey, CA, USA","$38,000
SOLD",Mecum,Auction,"Aug 17, 2013"
1959 BMW Isetta,TMU · Manual · RHD,"Trafford, GBR","£8,064
SOLD",Historics (UK),Auction,"Sep 1, 2012"
1957 BMW Isetta Coupe,"16,000 mi","Monterey, CA, USA","$29,500
SOLD",Mecum,Auction,"Aug 20, 2011"
