2005 BMW X5 4.8IS,"102,000 mi · Automatic · LHD · Original & Highly Original","Hurst, TX, USA","$18,850
SOLD",Bring a Trailer,Auction,"Nov 12, 2022"
2016 BMW X5 M,"42,823 mi · Automatic · LHD","Las Vegas, NV, USA","$55,000
SOLD",Mecum,Auction,"Nov 10, 2022"
2004 BMW X5 4.8IS,"21,000 mi · Automatic · LHD · Original & Highly Original","San Luis Obispo County, CA, USA","$30,777
SOLD",Bring a Trailer,Auction,"Nov 10, 2022"
2020 BMW X5 M50I,"12,237 mi · Automatic · LHD · Original & Highly Original","Akron, OH, USA",SOLD,Perfect Auto Collection,Fixed-price,"Nov 6, 2022"
2006 BMW X5 4.8IS,"86,200 mi · Automatic · LHD · Original & Highly Original","Dallas, TX, USA","$15,750
SOLD",Cars & Bids,Auction,"Nov 2, 2022"
2018 BMW X5 XDRIVE50I Luxury,"24,655 mi · Automatic · LHD · Original & Highly Original","Durham, NC, USA",SOLD,Modern Classic Motorcars,Fixed-price,"Oct 30, 2022"
2013 BMW X5 XDRIVE50I,"32,500 mi · Automatic · LHD · Original & Highly Original","Radnor Township, PA, USA","$23,755
SOLD",Cars & Bids,Auction,"Oct 19, 2022"
2010 BMW X5 M,Automatic · LHD · Original & Highly Original,"Chicago, IL, USA","$16,500
SOLD",Mecum,Auction,"Oct 15, 2022"
2002 BMW X5 4.4I,"140,000 mi · Automatic · LHD · Modified","Alamo, CA, USA","$12,121
SOLD",Cars & Bids,Auction,"Oct 13, 2022"
2006 BMW X5 4.4I,"80,300 mi · Automatic · LHD · Original & Highly Original","Savannah, GA, USA","$8,900
SOLD",Cars & Bids,Auction,"Oct 11, 2022"
2020 BMW X5 M Competition,"15,649 mi · Automatic · LHD · Original & Highly Original","Akron, OH, USA",SOLD,Perfect Auto Collection,Fixed-price,"Oct 4, 2022"
2004 BMW X5 3.0I,"148,300 mi · Manual · LHD · Original & Highly Original","Torrington, CT, USA","$11,100
SOLD",Cars & Bids,Auction,"Sep 27, 2022"
2005 BMW X5 4.8IS,"78,300 mi · Automatic · LHD · Original & Highly Original","Toronto, ON, CAN","$5,800
SOLD",Cars & Bids,Auction,"Sep 23, 2022"
2003 BMW X5 4.6IS,"97,700 mi · Automatic · LHD · Original & Highly Original","Sacramento, CA, USA","$8,200
SOLD",Cars & Bids,Auction,"Sep 9, 2022"
2018 BMW X5 XDRIVE35I,"35,762 mi · Automatic · LHD · Original & Highly Original","Middletown, CT, USA",SOLD,European Motorcars,Fixed-price,"Sep 7, 2022"
2016 BMW X5 M,"38,307 mi · Automatic · LHD · Original & Highly Original","Akron, OH, USA",SOLD,Perfect Auto Collection,Fixed-price,"Aug 31, 2022"
2013 BMW X5 XDRIVE35D,"75,500 mi · Automatic · LHD · Original & Highly Original","Fremont, CA, USA","$19,500
SOLD",Cars & Bids,Auction,"Aug 30, 2022"
2022 BMW X5 M50I,"9,995 mi · Automatic · LHD · Original & Highly Original","Village of Pewaukee, WI, USA",SOLD,Cassandra's Motorsports,Fixed-price,"Aug 18, 2022"
2002 BMW X5 Project,"167,499 mi · Automatic · LHD · Project","Prospect Heights, IL, USA","$900
SOLD",PCARMARKET,Auction,"Aug 15, 2022"
2017 BMW X5 XDRIVE50I,"32,400 mi · Automatic · LHD · Original & Highly Original","Sonoma, CA, USA","$37,777
SOLD",Cars & Bids,Auction,"Aug 9, 2022"
2017 BMW X5 M,"50,727 mi · Automatic · LHD · Original & Highly Original","Akron, OH, USA",SOLD,Perfect Auto Collection,Fixed-price,"Aug 6, 2022"
2022 BMW X5 XDRIVE40I,"13,600 mi · Automatic · LHD · Original & Highly Original","Akron, OH, USA",SOLD,Perfect Auto Collection,Fixed-price,"Aug 3, 2022"
2001 BMW X5 3.0I,"140,400 mi · Manual · LHD · Original & Highly Original","Sanford, FL, USA","$6,100
SOLD",Cars & Bids,Auction,"Aug 2, 2022"
2008 BMW X5,"77,000 mi · Automatic · LHD · Original & Highly Original","Harrisburg, PA, USA","$14,000
SOLD",Mecum,Auction,"Jul 28, 2022"
2015 BMW X5 XDRIVE35I,"76,700 mi · Automatic · LHD · Original & Highly Original","Palo Alto, CA, USA","$26,000
SOLD",Cars & Bids,Auction,"Jul 12, 2022"
2010 BMW X5,"82,000 mi · Automatic · LHD · Original & Highly Original","Orlando, FL, USA","$14,000
SOLD",Mecum,Auction,"Jul 7, 2022"
2005 BMW X5 3.0I,"186,700 mi · Manual · LHD · Modified","Holiday, FL, USA","$6,800
SOLD",Cars & Bids,Auction,"Jul 5, 2022"
2016 BMW X5 M,"76,429 mi · Automatic · LHD · Original & Highly Original","Akron, OH, USA",SOLD,Perfect Auto Collection,Fixed-price,"Jun 19, 2022"
2006 BMW X5 4.8IS,"73,000 mi · Automatic · LHD · Original & Highly Original","Fairfax, VA, USA","$13,000
SOLD",Bring a Trailer,Auction,"Jun 16, 2022"
2012 BMW X5,"117,234 mi · Automatic · LHD · Original & Highly Original","Tulsa, OK, USA","$16,500
SOLD",Mecum,Auction,"Jun 9, 2022"
2006 BMW X5 4.4I,"75,000 mi · Automatic · LHD · Original & Highly Original","Los Angeles, CA, USA","$8,200
SOLD",Cars & Bids,Auction,"Jun 8, 2022"
2013 BMW X5 M,"67,000 mi · Automatic · LHD · Original & Highly Original","Fort Worth, TX, USA","$31,500
SOLD",Bring a Trailer,Auction,"Jun 4, 2022"
2002 BMW X5 3.0I,"29,000 mi · Automatic · LHD · Original & Highly Original","Walworth County, WI, USA","$17,750
SOLD",Bring a Trailer,Auction,"Jun 4, 2022"
2017 BMW X5 M,"36,598 mi · Automatic · LHD · Project","Akron, OH, USA",SOLD,Perfect Auto Collection,Fixed-price,"Jun 2, 2022"
2005 BMW X5 4.8IS,"48,000 mi · Automatic · LHD · Original & Highly Original","South San Francisco, CA, USA","$20,000
SOLD",Bring a Trailer,Auction,"May 30, 2022"
2018 BMW X5 M,"29,295 mi · Automatic · LHD · Original & Highly Original","Akron, OH, USA",SOLD,Perfect Auto Collection,Fixed-price,"May 24, 2022"
2006 BMW X5 4.8IS,"92,000 mi · Automatic · LHD · Original & Highly Original","San Diego, CA, USA","$14,250
SOLD",Bring a Trailer,Auction,"May 19, 2022"
2002 BMW X5 4.6IS,"104,000 mi · Automatic · LHD · Original & Highly Original","Hamilton County, TN, USA","$10,000
SOLD",Bring a Trailer,Auction,"May 18, 2022"
2007 BMW X5 4.8I,"26,000 mi · Automatic · LHD · Original & Highly Original","Walworth County, WI, USA","$23,250
SOLD",Bring a Trailer,Auction,"May 13, 2022"
2005 BMW X5 3.0I,"127,000 mi · Manual · LHD · Original & Highly Original","Littleton, CO, USA","$9,000
SOLD",Cars & Bids,Auction,"May 10, 2022"
2017 BMW X5 M,"34,944 mi · Automatic · LHD · Original & Highly Original","Akron, OH, USA",SOLD,Perfect Auto Collection,Fixed-price,"May 9, 2022"
2018 BMW X5 M,"30,827 mi · Automatic · LHD · Original & Highly Original","Akron, OH, USA",SOLD,Perfect Auto Collection,Fixed-price,"May 6, 2022"
2001 BMW X5 4.4I Neiman Marcus Edition,"31,000 mi · Automatic · LHD · Original & Highly Original","Pompano Beach, FL, USA","$22,750
SOLD",Bring a Trailer,Auction,"May 5, 2022"
2021 BMW X5 XDRIVE40I,"23,595 mi · Automatic · LHD · Original & Highly Original","Upper Merion Township, PA, USA",SOLD,Motorcars of the Mainline,Fixed-price,"May 3, 2022"
2015 BMW X5 XDRIVE35I,"106,126 mi · Automatic · LHD · Original & Highly Original","Upper Merion Township, PA, USA",SOLD,Motorcars of the Mainline,Fixed-price,"May 3, 2022"
2002 BMW X5 4.6IS,"144,900 mi · Automatic · LHD · Original & Highly Original","El Paso County, CO, USA","$9,900
SOLD",Cars & Bids,Auction,"Apr 29, 2022"
2021 BMW X5 XDRIVE40I,"28,336 mi · Automatic · LHD · Original & Highly Original","Upper Merion Township, PA, USA",SOLD,Motorcars of the Mainline,Fixed-price,"Apr 19, 2022"
2016 BMW X5 XDRIVE35I M Sport,"92,163 mi · Automatic · LHD · Original & Highly Original","Upper Merion Township, PA, USA",SOLD,Motorcars of the Mainline,Fixed-price,"Apr 2, 2022"
2012 BMW X5 xDrive 50I,Automatic · LHD · Original & Highly Original,"Houston, TX, USA","$27,000
SOLD",Mecum,Auction,"Apr 1, 2022"
2006 BMW X5 4.8IS,"156,000 km (96,934 mi) · Automatic · LHD · Original & Highly Original","Montreal, QC, CAN","CAD11,000
SOLD",Fast Car Bids,Auction,"Apr 1, 2022"
2012 BMW X5 M,"90,500 mi · Automatic · LHD · Original & Highly Original","Lutherville-Timonium, MD, USA","$21,750
SOLD",Cars & Bids,Auction,"Mar 28, 2022"
2012 BMW X5 XDRIVE35D,"76,204 mi · Automatic · LHD · Original & Highly Original","Akron, OH, USA",SOLD,Perfect Auto Collection,Fixed-price,"Mar 26, 2022"
2012 BMW X5,Automatic · LHD · Original & Highly Original,"Glendale, AZ, USA","$15,000
SOLD",Mecum,Auction,"Mar 19, 2022"
2018 BMW X5 M,"33,799 mi · Automatic · LHD · Original & Highly Original","Akron, OH, USA",SOLD,Perfect Auto Collection,Fixed-price,"Mar 11, 2022"
2001 BMW X5 3.0I Sports Activity Vehicle,"21,773 mi · Automatic · LHD · Original & Highly Original","Pinellas County, FL, USA","$18,250
SOLD",Hemmings,Auction,"Mar 10, 2022"
2008 BMW X5 4.8I,"110,100 mi · Automatic · LHD · Original & Highly Original","Irvine, CA, USA","$7,400
SOLD",Cars & Bids,Auction,"Mar 9, 2022"
2005 BMW X5 3.0I 6-Speed,TMU · Manual · LHD · Modified,"Wylie, TX, USA","$6,950
SOLD",Bring a Trailer,Auction,"Feb 24, 2022"
2002 BMW X5 4.6IS,"125,800 mi · Automatic · LHD · Modified","Alpharetta, GA, USA","$9,600
SOLD",Cars & Bids,Auction,"Feb 15, 2022"
2018 BMW X5 M,"15,497 mi · Automatic · LHD · Original & Highly Original","Akron, OH, USA",SOLD,Perfect Auto Collection,Fixed-price,"Feb 5, 2022"
2022 BMW X5 M Competition,"4,643 mi · Automatic · LHD · Original & Highly Original","Akron, OH, USA",SOLD,Perfect Auto Collection,Fixed-price,"Feb 4, 2022"
2005 BMW X5 3.0I 6-Speed,"122,000 mi · Manual · LHD · Original & Highly Original","Vero Beach, FL, USA","$15,750
SOLD",Bring a Trailer,Auction,"Feb 2, 2022"
2003 BMW X5 4.4I,"35,000 mi · Automatic · LHD · Original & Highly Original","Bergen County, NJ, USA","$21,100
SOLD",Bring a Trailer,Auction,"Jan 28, 2022"
2003 BMW X5 4.6IS,"68,400 mi · Automatic · LHD · Original & Highly Original","Punta Gorda, FL, USA","$17,000
SOLD",Cars & Bids,Auction,"Jan 26, 2022"
2003 BMW X5 4.6IS,"75,802 mi · Automatic · LHD · Original & Highly Original","New York, NY, USA","$15,800
SOLD",PCARMARKET,Auction,"Jan 21, 2022"
2007 BMW X5,"197,620 mi · Automatic · LHD · Original & Highly Original","Kissimmee, FL, USA","$8,000
SOLD",Mecum,Auction,"Jan 16, 2022"
2018 BMW X5 M,"36,647 mi · Automatic · LHD · Original & Highly Original","Akron, OH, USA",SOLD,Perfect Auto Collection,Fixed-price,"Jan 2, 2022"
2005 BMW X5 4.8IS,"137,000 km (85,128 mi) · Automatic · LHD · Original & Highly Original","Calgary, AB, CAN","CAD14,500
SOLD",Fast Car Bids,Auction,"Dec 27, 2021"
2004 BMW X5 3.0I,"201,200 mi · Manual · LHD · Modified","Malvern, PA, USA","$7,153
SOLD",Cars & Bids,Auction,"Dec 15, 2021"
2018 BMW X5 M,"24,579 mi · Automatic · LHD · Original & Highly Original","Akron, OH, USA",SOLD,Perfect Auto Collection,Fixed-price,"Dec 7, 2021"
2006 BMW X5 4.8IS,"37,000 mi · Automatic · LHD · Original & Highly Original","Salt Lake City, UT, USA","$26,000
SOLD",Bring a Trailer,Auction,"Nov 24, 2021"
2018 BMW X5 M,"30,674 mi · Automatic · LHD · Original & Highly Original","Akron, OH, USA",SOLD,Perfect Auto Collection,Fixed-price,"Oct 27, 2021"
2002 BMW X5,"178,500 km (110,915 mi) · Manual · LHD · Original & Highly Original","Old Toronto, ON, CAN","CAD5,300
SOLD",Fast Car Bids,Auction,"Oct 19, 2021"
2018 BMW X5 M,"29,730 mi · Automatic · LHD · Original & Highly Original","Akron, OH, USA",SOLD,Perfect Auto Collection,Fixed-price,"Oct 10, 2021"
2011 BMW X5,"138,728 mi · Automatic · LHD · Original & Highly Original","Las Vegas, NV, USA","$11,550
SOLD",Mecum,Auction,"Oct 7, 2021"
2005 BMW X5 3.0I,"140,200 mi · Manual · LHD · Original & Highly Original","New Port Richey, FL, USA","$8,000
SOLD",Cars & Bids,Auction,"Oct 6, 2021"
2018 BMW X5 XDRIVE35I,"32,249 mi · Automatic · LHD · Original & Highly Original","Upper Merion Township, PA, USA",SOLD,Motorcars of the Mainline,Fixed-price,"Sep 25, 2021"
2011 BMW X5 M,"75,100 mi · Automatic · LHD · Original & Highly Original","Chicago, IL, USA","$22,000
SOLD",Cars & Bids,Auction,"Sep 17, 2021"
2013 BMW X5 XDRIVE35D,"62,200 mi · Automatic · LHD · Original & Highly Original","Santa Barbara, CA, USA","$22,500
SOLD",Cars & Bids,Auction,"Sep 16, 2021"
2006 BMW X5 4.8IS,"18,000 mi · Automatic · LHD · Original & Highly Original","Woodstock, GA, USA","$45,000
SOLD",Bring a Trailer,Auction,"Sep 15, 2021"
2003 BMW X5 4.6IS,"65,400 mi · Automatic · LHD · Original & Highly Original","Outagamie County, WI, USA","$15,000
SOLD",Cars & Bids,Auction,"Sep 10, 2021"
2019 BMW X5 XDRIVE40I M Sport,"13,709 mi · Automatic · LHD · Original & Highly Original","Upper Merion Township, PA, USA",SOLD,Motorcars of the Mainline,Fixed-price,"Aug 27, 2021"
2021 BMW X5 XDRIVE40I,"12,978 mi · Automatic · LHD · Original & Highly Original","Upper Merion Township, PA, USA",SOLD,Motorcars of the Mainline,Fixed-price,"Aug 24, 2021"
2011 BMW X5 xDrive,Automatic · LHD · Original & Highly Original,"Monterey County, CA, USA","$15,400
SOLD",Mecum,Auction,"Aug 13, 2021"
2013 BMW X5 xDrive,"73,000 mi · Automatic · LHD · Original & Highly Original","Orlando, FL, USA","$21,450
SOLD",Mecum,Auction,"Jul 30, 2021"
2003 BMW X5 3.0I,"59,800 mi · Automatic · LHD · Original & Highly Original","Dutchess County, NY, USA","$11,800
SOLD",Cars & Bids,Auction,"Jul 30, 2021"
2006 BMW X5 4.8IS,"7,000 mi · Automatic · LHD · Original & Highly Original","Nassau County, NY, USA","$45,000
SOLD",Bring a Trailer,Auction,"Jul 27, 2021"
2012 BMW X5 M,"51,800 mi · Automatic · LHD · Original & Highly Original","Sherwood, OR, USA","$30,500
SOLD",Cars & Bids,Auction,"Jul 20, 2021"
2003 BMW X5 3.0I,"161,100 mi · Manual · LHD · Original & Highly Original","Anderson, SC, USA","$7,100
SOLD",Cars & Bids,Auction,"Jul 19, 2021"
2003 BMW X5 4.6IS,"65,000 mi · Automatic · LHD · Original & Highly Original","Fort Lauderdale, FL, USA","$18,000
SOLD",Bring a Trailer,Auction,"Jul 19, 2021"
2015 BMW X5 XDRIVE35D,"78,500 mi · Automatic · LHD · Original & Highly Original","San Mateo County, CA, USA","$24,250
SOLD",Cars & Bids,Auction,"Jun 24, 2021"
2016 BMW X5,"36,325 mi · Automatic · LHD · Original & Highly Original","Las Vegas, NV, USA","$36,300
SOLD",Barrett-Jackson,Auction,"Jun 18, 2021"
2015 BMW X5 XDRIVE50I,"65,100 mi · Automatic · LHD · Original & Highly Original","Beaver, PA, USA","$27,000
SOLD",Cars & Bids,Auction,"Jun 16, 2021"
2006 BMW X5 4.8IS,"18,000 mi · Automatic · LHD · Original & Highly Original","Hawthorne, CA, USA","$40,750
SOLD",Bring a Trailer,Auction,"Jun 16, 2021"
2004 BMW X5 3.0I,"91,400 mi · Automatic · LHD · Original & Highly Original","Newtown Township, PA, USA","$8,000
SOLD",Cars & Bids,Auction,"Jun 14, 2021"
2012 BMW X5 M,"72,500 mi · Automatic · LHD · Original & Highly Original","Salt Lake City, UT, USA","$24,751
SOLD",Cars & Bids,Auction,"Jun 8, 2021"
2014 BMW X5 XDRIVE50I,"78,000 mi · Automatic · LHD · Original & Highly Original","Aurora, CO, USA","$24,500
SOLD",Cars & Bids,Auction,"Jun 1, 2021"
2003 BMW X5 3.0I,"145,600 mi · Manual · LHD · Original & Highly Original","York, PA, USA","$5,100
SOLD",Cars & Bids,Auction,"May 26, 2021"
2003 BMW X5 3.0I,"61,000 mi · Automatic · LHD · Original & Highly Original","Dutchess County, NY, USA","$11,063
SOLD",Cars & Bids,Auction,"May 24, 2021"
2005 BMW X5 3.0I,"203,600 mi · Manual · LHD · Original & Highly Original","Sharon, MA, USA","$9,300
SOLD",Cars & Bids,Auction,"May 19, 2021"
2005 BMW X5 4.8IS,"109,100 mi","Franklin, OH, USA","$8,969
SOLD",Cars & Bids,Auction,"May 6, 2021"
2018 BMW X5 M,"34,803 mi · Automatic · LHD · Original & Highly Original","Akron, OH, USA",SOLD,Perfect Auto Collection,Fixed-price,"Apr 24, 2021"
2010 BMW X5 M,"163,000 km (101,283 mi) · Automatic · LHD · Original & Highly Original","Laval, QC, CAN","CAD16,000
SOLD",Fast Car Bids,Auction,"Apr 22, 2021"
2010 BMW X5 M,"68,000 mi","Phoenix, AZ, USA","$32,000
SOLD",Bring a Trailer,Auction,"Apr 15, 2021"
2004 BMW X5 3.0I,"204,100 mi","Solon, OH, USA","$9,750
SOLD",Cars & Bids,Auction,"Apr 12, 2021"
2005 BMW X5 4.8IS,"152,400 mi","Kansas City, MO, USA","$6,969
SOLD",Cars & Bids,Auction,"Mar 31, 2021"
2017 BMW X5 M,"56,207 mi · Automatic · LHD · Original & Highly Original","Akron, OH, USA",SOLD,Perfect Auto Collection,Fixed-price,"Mar 26, 2021"
2013 BMW X5 XDRIVE50I,"79,100 mi","Saint Charles County, MO, USA","$19,000
SOLD",Cars & Bids,Auction,"Mar 24, 2021"
2008 BMW X5,,"Glendale, AZ, USA","$8,250
SOLD",Mecum,Auction,"Mar 18, 2021"
2007 BMW X5 4.8I,"112,300 mi","Huntsville, AL, USA","$8,222
SOLD",Cars & Bids,Auction,"Mar 11, 2021"
2015 BMW X5 XDRIVE35D,"55,900 mi","Fort Lauderdale, FL, USA","$28,250
SOLD",Cars & Bids,Auction,"Mar 8, 2021"
2007 BMW X5 4.8I,"26,000 mi","Walworth County, WI, USA","$23,000
SOLD",Bring a Trailer,Auction,"Mar 4, 2021"
2021 BMW X5 M50I,"1,557 mi · Automatic · LHD · Original & Highly Original","Upper Merion Township, PA, USA",SOLD,Motorcars of the Mainline,Fixed-price,"Mar 3, 2021"
2013 BMW X5 M,"62,300 mi","Silver Spring, MD, USA","$24,500
SOLD",Cars & Bids,Auction,"Feb 26, 2021"
2001 BMW X5 3.0I,"174,300 mi","Portland, OR, USA","$7,800
SOLD",Cars & Bids,Auction,"Feb 22, 2021"
2003 BMW X5 3.0I,"164,700 mi","San Diego, CA, USA","$3,900
SOLD",Cars & Bids,Auction,"Feb 5, 2021"
2015 BMW X5 XDRIVE35D,"84,100 mi","McLean, VA, USA","$25,000
SOLD",Cars & Bids,Auction,"Jan 25, 2021"
2018 BMW X5 M,"27,925 mi · Automatic · LHD · Original & Highly Original","Akron, OH, USA",SOLD,Perfect Auto Collection,Fixed-price,"Jan 18, 2021"
2003 BMW X5,,"Kissimmee, FL, USA","$5,500
SOLD",Mecum,Auction,"Jan 7, 2021"
2020 BMW X5 XDRIVE40I M Sport,"1,627 mi · Automatic · LHD · Original & Highly Original","Upper Merion Township, PA, USA",SOLD,Motorcars of the Mainline,Fixed-price,"Jan 6, 2021"
2002 BMW X5 3.0I,"71,700 mi","Erie County, PA, USA","$10,999
SOLD",Cars & Bids,Auction,"Dec 28, 2020"
2013 BMW X5 M,"111,900 mi","Indio, CA, USA","$17,300
SOLD",Cars & Bids,Auction,"Dec 1, 2020"
2015 BMW X5 M,"34,953 mi · Automatic · LHD · Original & Highly Original","Akron, OH, USA",SOLD,Perfect Auto Collection,Fixed-price,"Nov 25, 2020"
2014 BMW X5 XDRIVE50I,"37,146 mi · Automatic · LHD · Original & Highly Original","Akron, OH, USA",SOLD,Perfect Auto Collection,Fixed-price,"Nov 17, 2020"
2007 BMW X5 3.0SI,"114,187 mi · Automatic · LHD · Original & Highly Original","Upper Merion Township, PA, USA",SOLD,Motorcars of the Mainline,Fixed-price,"Nov 13, 2020"
2006 BMW E53 X5 4.8IS,"39,040 mi","Irvine, CA, USA","$19,953
SOLD",PCARMARKET,Auction,"Nov 5, 2020"
2018 BMW X5 M,"34,803 mi · Automatic · LHD · Original & Highly Original","Akron, OH, USA",SOLD,Perfect Auto Collection,Fixed-price,"Apr 24, 2021"
2010 BMW X5 M,"163,000 km (101,283 mi) · Automatic · LHD · Original & Highly Original","Laval, QC, CAN","CAD16,000
SOLD",Fast Car Bids,Auction,"Apr 22, 2021"
2010 BMW X5 M,"68,000 mi","Phoenix, AZ, USA","$32,000
SOLD",Bring a Trailer,Auction,"Apr 15, 2021"
2004 BMW X5 3.0I,"204,100 mi","Solon, OH, USA","$9,750
SOLD",Cars & Bids,Auction,"Apr 12, 2021"
2005 BMW X5 4.8IS,"152,400 mi","Kansas City, MO, USA","$6,969
SOLD",Cars & Bids,Auction,"Mar 31, 2021"
2017 BMW X5 M,"56,207 mi · Automatic · LHD · Original & Highly Original","Akron, OH, USA",SOLD,Perfect Auto Collection,Fixed-price,"Mar 26, 2021"
2013 BMW X5 XDRIVE50I,"79,100 mi","Saint Charles County, MO, USA","$19,000
SOLD",Cars & Bids,Auction,"Mar 24, 2021"
2008 BMW X5,,"Glendale, AZ, USA","$8,250
SOLD",Mecum,Auction,"Mar 18, 2021"
2007 BMW X5 4.8I,"112,300 mi","Huntsville, AL, USA","$8,222
SOLD",Cars & Bids,Auction,"Mar 11, 2021"
2015 BMW X5 XDRIVE35D,"55,900 mi","Fort Lauderdale, FL, USA","$28,250
SOLD",Cars & Bids,Auction,"Mar 8, 2021"
2007 BMW X5 4.8I,"26,000 mi","Walworth County, WI, USA","$23,000
SOLD",Bring a Trailer,Auction,"Mar 4, 2021"
2021 BMW X5 M50I,"1,557 mi · Automatic · LHD · Original & Highly Original","Upper Merion Township, PA, USA",SOLD,Motorcars of the Mainline,Fixed-price,"Mar 3, 2021"
2013 BMW X5 M,"62,300 mi","Silver Spring, MD, USA","$24,500
SOLD",Cars & Bids,Auction,"Feb 26, 2021"
2001 BMW X5 3.0I,"174,300 mi","Portland, OR, USA","$7,800
SOLD",Cars & Bids,Auction,"Feb 22, 2021"
2003 BMW X5 3.0I,"164,700 mi","San Diego, CA, USA","$3,900
SOLD",Cars & Bids,Auction,"Feb 5, 2021"
2015 BMW X5 XDRIVE35D,"84,100 mi","McLean, VA, USA","$25,000
SOLD",Cars & Bids,Auction,"Jan 25, 2021"
2018 BMW X5 M,"27,925 mi · Automatic · LHD · Original & Highly Original","Akron, OH, USA",SOLD,Perfect Auto Collection,Fixed-price,"Jan 18, 2021"
2003 BMW X5,,"Kissimmee, FL, USA","$5,500
SOLD",Mecum,Auction,"Jan 7, 2021"
2020 BMW X5 XDRIVE40I M Sport,"1,627 mi · Automatic · LHD · Original & Highly Original","Upper Merion Township, PA, USA",SOLD,Motorcars of the Mainline,Fixed-price,"Jan 6, 2021"
2002 BMW X5 3.0I,"71,700 mi","Erie County, PA, USA","$10,999
SOLD",Cars & Bids,Auction,"Dec 28, 2020"
2013 BMW X5 M,"111,900 mi","Indio, CA, USA","$17,300
SOLD",Cars & Bids,Auction,"Dec 1, 2020"
2015 BMW X5 M,"34,953 mi · Automatic · LHD · Original & Highly Original","Akron, OH, USA",SOLD,Perfect Auto Collection,Fixed-price,"Nov 25, 2020"
2014 BMW X5 XDRIVE50I,"37,146 mi · Automatic · LHD · Original & Highly Original","Akron, OH, USA",SOLD,Perfect Auto Collection,Fixed-price,"Nov 17, 2020"
2007 BMW X5 3.0SI,"114,187 mi · Automatic · LHD · Original & Highly Original","Upper Merion Township, PA, USA",SOLD,Motorcars of the Mainline,Fixed-price,"Nov 13, 2020"
2006 BMW E53 X5 4.8IS,"39,040 mi","Irvine, CA, USA","$19,953
SOLD",PCARMARKET,Auction,"Nov 5, 2020"
2019 BMW X5 XDRIVE40I,"15,430 mi · Automatic · LHD · Original & Highly Original","Upper Merion Township, PA, USA",SOLD,Motorcars of the Mainline,Fixed-price,"Oct 31, 2020"
2013 BMW X5 XDRIVE35I,"113,700 mi","Las Vegas, NV, USA","$17,000
SOLD",Cars & Bids,Auction,"Oct 15, 2020"
2002 BMW X5,"183,400 mi · Manual","Redmond, WA, USA","$12,700
SOLD",Cars & Bids,Auction,"Aug 11, 2020"
2017 BMW X5 M,"36,020 mi · Automatic · LHD · Original & Highly Original","Akron, OH, USA",SOLD,Perfect Auto Collection,Fixed-price,"Aug 3, 2020"
2004 BMW X5,"166,600 mi · Manual","Jacksonville, FL, USA","$5,350
SOLD",Cars & Bids,Auction,"Jul 27, 2020"
2017 BMW X5 M,"23,330 mi · Automatic · LHD · Original & Highly Original","Akron, OH, USA",SOLD,Perfect Auto Collection,Fixed-price,"Jul 20, 2020"
2008 BMW X5,,"Indianapolis, IN, USA","$7,700
SOLD",Mecum,Auction,"Jul 15, 2020"
2005 BMW X5,Automatic · LHD,"Indianapolis, IN, USA","$3,850
SOLD",Mecum,Auction,"Jul 14, 2020"
2010 BMW X5 M,"78,304 mi · Automatic · LHD · Original & Highly Original","Upper Merion Township, PA, USA",SOLD,Motorcars of the Mainline,Fixed-price,"Jul 10, 2020"
2017 BMW X5 XDRIVE50I M Sport,"29,349 mi · Automatic · LHD · Original & Highly Original","Akron, OH, USA",SOLD,Perfect Auto Collection,Fixed-price,"Jun 30, 2020"
2017 BMW X5 M Dinan,"53,771 mi · Automatic · LHD · Modified","Upper Merion Township, PA, USA",SOLD,Motorcars of the Mainline,Fixed-price,"Jun 25, 2020"
2004 BMW X5 4.8IS,"39,000 mi","City of Saint Louis, MO, USA","$26,750
SOLD",Bring a Trailer,Auction,"Jun 2, 2020"
2017 BMW X5 M,"34,313 mi · Automatic · LHD · Original & Highly Original","Akron, OH, USA",SOLD,Perfect Auto Collection,Fixed-price,"May 10, 2020"
2012 BMW X5 XDRIVE35I,"93,397 mi · Automatic · LHD · Original & Highly Original","Akron, OH, USA",SOLD,Perfect Auto Collection,Fixed-price,"Apr 23, 2020"
2002 BMW X5,Automatic · LHD,"Glendale, AZ, USA","$6,325
SOLD",Mecum,Auction,"Mar 11, 2020"
2011 BMW X5,"70,668 mi","Glendale, AZ, USA","$15,400
SOLD",Mecum,Auction,"Mar 11, 2020"
2016 BMW X5 XDRIVE50I M Sport,"28,955 mi · Automatic · LHD · Original & Highly Original","Akron, OH, USA",SOLD,Perfect Auto Collection,Fixed-price,"Feb 3, 2020"
2012 BMW X5,,"Scottsdale, AZ, USA","$9,350
SOLD",Barrett-Jackson,Auction,"Jan 13, 2020"
2006 BMW X5,,"Kissimmee, FL, USA","$6,050
SOLD",Mecum,Auction,"Jan 7, 2020"
2010 BMW X5,,"Kissimmee, FL, USA","$12,100
SOLD",Mecum,Auction,"Jan 5, 2020"
2011 BMW X5 M,"68,000 mi","Rochester, MI, USA","$27,000
SOLD",Bring a Trailer,Auction,"Dec 11, 2019"
2009 BMW X5,,"Schaumburg, IL, USA","$11,000
SOLD",Mecum,Auction,"Oct 26, 2019"
2016 BMW X5,"12,532 mi · Automatic · LHD · Original & Highly Original","Murrieta, CA, USA",SOLD,West Coast Exotic Cars,Fixed-price,"Oct 15, 2019"
2012 BMW X5 X Drive,,"Las Vegas, NV, USA","$16,500
SOLD",Mecum,Auction,"Oct 11, 2019"
2002 BMW X5,Automatic · LHD,"Las Vegas, NV, USA","$6,600
SOLD",Mecum,Auction,"Oct 11, 2019"
2013 BMW X5,,"Dallas, TX, USA","$12,100
SOLD",Mecum,Auction,"Sep 5, 2019"
2011 BMW X5,,"Denver, CO, USA","$9,350
SOLD",Mecum,Auction,"Jul 13, 2019"
2005 BMW X5 3.0I 6-Speed,"101,000 mi","Stockton, CA, USA","$6,300
SOLD",Bring a Trailer,Auction,"Feb 20, 2019"
2004 BMW X5,Automatic,"Kansas City, MO, USA","$5,500
SOLD",Mecum,Auction,"Dec 6, 2018"
2013 BMW X5 M,"29,738 mi · Automatic · LHD · Original & Highly Original","Upper Merion Township, PA, USA",SOLD,Motorcars of the Mainline,Fixed-price,"Nov 23, 2018"
2015 BMW X5,"26,000 mi","Las Vegas, NV, USA","$35,200
SOLD",Mecum,Auction,"Nov 16, 2018"
2009 BMW X5,,"Schaumburg, IL, USA","$13,750
SOLD",Mecum,Auction,"Oct 27, 2018"
2008 BMW X5,"90,000 mi","Dallas, TX, USA","$10,450
SOLD",Mecum,Auction,"Oct 3, 2018"
2008 BMW X5,,"Louisville, KY, USA","$10,175
SOLD",Mecum,Auction,"Sep 7, 2018"
2016 BMW X5 M,"74,091 mi · Automatic · LHD · Original & Highly Original","Upper Merion Township, PA, USA",SOLD,Motorcars of the Mainline,Fixed-price,"Aug 24, 2018"
2008 BMW X5,,"Monterey, CA, USA","$14,300
SOLD",Mecum,Auction,"Aug 23, 2018"
2003 BMW X5,Automatic,"Harrisburg, PA, USA","$4,400
SOLD",Mecum,Auction,"Aug 2, 2018"
2011 BMW X5,"82,000 mi","Denver, CO, USA","$11,275
SOLD",Mecum,Auction,"Jun 9, 2018"
2011 BMW X5 50I,"66,382 mi · Automatic · LHD · Original & Highly Original","Upper Merion Township, PA, USA",SOLD,Motorcars of the Mainline,Fixed-price,"Jun 4, 2018"
2012 BMW X5 50I,"79,074 mi · Automatic · LHD · Original & Highly Original","Upper Merion Township, PA, USA",SOLD,Motorcars of the Mainline,Fixed-price,"Apr 24, 2018"
2007 BMW X5 4.8I,"72,512 mi · Automatic · LHD · Original & Highly Original","Village of Farmingdale, NY, USA",SOLD,Motorcar Classics,Fixed-price,"Apr 6, 2018"
2014 BMW X5 XDRIVE35I,"47,635 mi · Automatic · LHD · Original & Highly Original","Upper Merion Township, PA, USA",SOLD,Motorcars of the Mainline,Fixed-price,"Mar 22, 2018"
2007 BMW X5,,"Kansas City, MO, USA","$10,450
SOLD",Mecum,Auction,"Mar 16, 2018"
2008 BMW X5,,"Pomona, CA, USA","$11,550
SOLD",Mecum,Auction,"Feb 16, 2018"
2016 BMW X5 Edrive XDRIVE40E,"11,914 mi · Automatic · LHD · Original & Highly Original","Upper Merion Township, PA, USA",SOLD,Motorcars of the Mainline,Fixed-price,"Jan 11, 2018"
2013 BMW X5 XDRIVE35I Premium,"82,526 mi · Automatic · LHD · Original & Highly Original","Upper Merion Township, PA, USA",SOLD,Motorcars of the Mainline,Fixed-price,"Dec 18, 2017"
2014 BMW X5 XDRIVE35I M Sport,"46,852 mi · Automatic · LHD · Original & Highly Original","Upper Merion Township, PA, USA",SOLD,Motorcars of the Mainline,Fixed-price,"Dec 14, 2017"
2013 BMW X5 XDRIVE35D,"50,031 mi · Automatic · LHD · Original & Highly Original","Atlanta, GA, USA",SOLD,Merlin Auto Group,Fixed-price,"Dec 13, 2017"
2014 BMW X5 XDRIVE35D,"56,538 mi · Automatic · LHD · Original & Highly Original","Upper Merion Township, PA, USA",SOLD,Motorcars of the Mainline,Fixed-price,"Sep 24, 2017"
2015 BMW X5 XDRIVE35I,"55,697 mi · Automatic · LHD · Original & Highly Original","Upper Merion Township, PA, USA",SOLD,Motorcars of the Mainline,Fixed-price,"Sep 23, 2017"
2015 BMW X5 M,"35,450 mi · Automatic · LHD · Original & Highly Original","Upper Merion Township, PA, USA",SOLD,Motorcars of the Mainline,Fixed-price,"Sep 9, 2017"
2012 BMW X5 XDRIVE35D,"51,779 mi · Automatic · LHD · Original & Highly Original","Atlanta, GA, USA",SOLD,Merlin Auto Group,Fixed-price,"Aug 15, 2017"
2017 BMW X5 XDRIVE35I,"4,163 mi · Automatic · LHD · Original & Highly Original","Upper Merion Township, PA, USA",SOLD,Motorcars of the Mainline,Fixed-price,"Aug 11, 2017"
2012 BMW X5,,"Denver, CO, USA","$17,000
SOLD",Mecum,Auction,"Jul 20, 2017"
2011 BMW X5 35D Sport,"84,511 mi · Automatic · LHD · Original & Highly Original","Upper Merion Township, PA, USA",SOLD,Motorcars of the Mainline,Fixed-price,"Jun 10, 2017"
2007 BMW X5,,"Houston, TX, USA","$13,000
SOLD",Mecum,Auction,"Apr 6, 2017"
2006 BMW X5,"99,580 mi · Automatic","Kissimmee, FL, USA","$10,000
SOLD",Mecum,Auction,"Jan 11, 2017"
2004 BMW X5,Automatic,"Kissimmee, FL, USA","$6,000
SOLD",Mecum,Auction,"Jan 10, 2017"
2013 BMW X5 XDRIVE35I Sport Activity,"47,716 mi · Automatic · LHD · Original & Highly Original","Atlanta, GA, USA",SOLD,Merlin Auto Group,Fixed-price,"Jun 23, 2016"
2008 BMW X5,,"Auburn, IN, USA","$21,000
SOLD",RM Sotheby's,Auction,"Sep 6, 2015"
2003 BMW X5,Automatic · LHD,"Austin, TX, USA","$8,000
SOLD",Mecum,Auction,"Dec 12, 2014"
