2001 BMW 740IL Sport Dinan S2,"65,000 mi · Automatic · LHD · Modified","Pasadena, CA, USA","$23,000
SOLD",Bring a Trailer,Auction,"Nov 12, 2022"
1998 BMW 750IL,Automatic · LHD,"Las Vegas, NV, USA","$11,550
SOLD",Mecum,Auction,"Nov 11, 2022"
2010 BMW 750LI Sedan,"84,320 mi · Automatic · LHD · Original & Highly Original","Las Vegas, NV, USA","$13,750
SOLD",Mecum,Auction,"Nov 10, 2022"
2001 BMW 740IL Sport Package,"92,955 mi · Automatic · LHD · Original & Highly Original","Encinitas, CA, USA","$5,000
SOLD",PCARMARKET,Auction,"Nov 10, 2022"
2001 BMW 740I,"120,300 mi · Automatic · LHD · Modified","Sacramento, CA, USA","$14,600
SOLD",Cars & Bids,Auction,"Nov 7, 2022"
2013 BMW 750LI,"47,400 mi · Automatic · LHD · Original & Highly Original","Sacramento, CA, USA","$33,500
SOLD",Cars & Bids,Auction,"Nov 7, 2022"
2019 BMW 750I xDrive AWD,"84,909 mi · Automatic · LHD · Original & Highly Original","Moonachie, NJ, USA",SOLD,Vantage Auto The Collection,Fixed-price,"Nov 5, 2022"
1999 BMW 740I Sport,TMU · Automatic · LHD · Original & Highly Original,"Media, PA, USA","$23,000
SOLD",Bring a Trailer,Auction,"Nov 5, 2022"
2015 BMW 750LI,"111,797 mi · Automatic · LHD · Original & Highly Original","Bradenton, FL, USA",SOLD,Skyway Classics,Fixed-price,"Nov 4, 2022"
2014 BMW 760LI SE V12,"28,468 mi · Automatic · RHD · Original & Highly Original","Mid Suffolk, GBR","£22,251
SOLD",Collecting Cars,Auction,"Nov 2, 2022"
1996 BMW 750IL,TMU · Automatic · LHD · Original & Highly Original,"Peoria, AZ, USA","$11,510
SOLD",Clasiq Auctions,Auction,"Oct 27, 2022"
2001 BMW 740I 4.4 Sport,TMU · Automatic · RHD · Original & Highly Original,"Vale of White Horse, GBR","£5,700
SOLD",The Market by Bonhams,Auction,"Oct 27, 2022"
2001 BMW 750IL,"169,200 km (105,136 mi) · Automatic · LHD · Original & Highly Original","Calgary, AB, CAN","CAD15,500
SOLD",Formula Auctions,Auction,"Oct 25, 2022"
2000 BMW 750IL,"188,400 mi · Automatic · LHD · Modified","Village of Lindenhurst, NY, USA","$15,151
SOLD",Cars & Bids,Auction,"Oct 25, 2022"
2017 BMW 750I xDrive,"56,096 mi · Automatic · LHD · Original & Highly Original","Akron, OH, USA",SOLD,Perfect Auto Collection,Fixed-price,"Oct 24, 2022"
2001 BMW 740IL,"93,000 mi · Automatic · LHD · Original & Highly Original","Encinitas, CA, USA","$6,400
SOLD",Cars & Bids,Auction,"Oct 21, 2022"
2010 BMW 750LI,Automatic · LHD · Original & Highly Original,"Houston, TX, USA","$24,750
SOLD",Barrett-Jackson,Auction,"Oct 20, 2022"
1995 BMW 740I Executive,"200,000 km (124,274 mi) · Automatic · LHD · Original & Highly Original",Netherlands,"€7,250
SOLD",Catawiki,Auction,"Oct 19, 2022"
2001 BMW 750IL,"95,200 mi · Automatic · LHD · Original & Highly Original","Brookfield, CT, USA","$18,800
SOLD",Cars & Bids,Auction,"Oct 18, 2022"
2001 BMW 740IL,"79,000 mi · Automatic · LHD · Original & Highly Original","Chicago, IL, USA","$11,000
SOLD",Mecum,Auction,"Oct 14, 2022"
2015 BMW 750LI xDrive,"120,206 mi · Automatic · LHD · Original & Highly Original","Akron, OH, USA",SOLD,Perfect Auto Collection,Fixed-price,"Oct 13, 2022"
2015 BMW 740I,"77,400 mi · Automatic · LHD · Original & Highly Original","Yucaipa, CA, USA","$21,500
SOLD",Cars & Bids,Auction,"Oct 12, 2022"
2017 BMW 750I xDrive,"31,600 mi · Automatic · LHD · Original & Highly Original","Melbourne, FL, USA","$41,500
SOLD",Cars & Bids,Auction,"Oct 10, 2022"
2000 BMW 740I,"131,000 mi · Automatic · LHD · Original & Highly Original","Bend, OR, USA","$10,000
SOLD",Bring a Trailer,Auction,"Oct 7, 2022"
2008 BMW 750LI,"67,550 mi · Automatic · LHD · Original & Highly Original","Caernarvon Township, PA, USA",SOLD,Classic Auto Mall,Fixed-price,"Oct 7, 2022"
2015 BMW 750LI xDrive,"29,823 mi · Automatic · LHD · Original & Highly Original","Akron, OH, USA",SOLD,Perfect Auto Collection,Fixed-price,"Oct 6, 2022"
2015 BMW 740LI,"100,725 mi · Automatic · LHD · Original & Highly Original","Miami, FL, USA",SOLD,Sport Cars Miami,Fixed-price,"Oct 4, 2022"
2001 BMW 740I,"109,000 mi · Automatic · LHD · Original & Highly Original","Houston, TX, USA","$6,300
SOLD",Cars & Bids,Auction,"Sep 30, 2022"
2001 BMW 740IL,"86,000 mi · Automatic · LHD · Original & Highly Original","Providence County, RI, USA","$8,500
SOLD",Bring a Trailer,Auction,"Sep 30, 2022"
2019 BMW 750I xDrive,"31,500 mi · Automatic · LHD · Original & Highly Original","Rochester, MI, USA","$59,000
SOLD",Cars & Bids,Auction,"Sep 26, 2022"
1998 BMW 740IL,"49,000 mi · Automatic · LHD · Original & Highly Original","City of Yonkers, NY, USA","$16,500
SOLD",Bring a Trailer,Auction,"Sep 24, 2022"
2001 BMW 740IL Sport,"81,000 mi · Automatic · LHD · Original & Highly Original","Portland, OR, USA","$12,000
SOLD",Bring a Trailer,Auction,"Sep 23, 2022"
2001 BMW 740I,"60,000 mi · Automatic · LHD · Original & Highly Original","City of Yonkers, NY, USA","$19,000
SOLD",Bring a Trailer,Auction,"Sep 16, 2022"
1993 BMW 740IL,"84,000 mi · Automatic · LHD · Original & Highly Original","Manteca, CA, USA","$6,000
SOLD",AutoHunter,Auction,"Sep 12, 2022"
1988 BMW 750IL 6.0L Stroker,TMU · Automatic · LHD · Restomod & Custom,"Spokane, WA, USA","$27,000
SOLD",Bring a Trailer,Auction,"Sep 10, 2022"
2001 BMW 740IL,"122,000 mi · Automatic · LHD · Original & Highly Original","Plano, TX, USA","$9,200
SOLD",Bring a Trailer,Auction,"Sep 9, 2022"
2015 BMW 750LI xDrive,Automatic · LHD · Original & Highly Original,"Dallas, TX, USA","$19,000
SOLD",Mecum,Auction,"Sep 8, 2022"
1992 BMW 735I,"365,600 km (227,173 mi) · Automatic · LHD · Original & Highly Original","Mississauga, ON, CAN","CAD2,750
SOLD",Onemorecar,Auction,"Sep 8, 2022"
1985 BMW 745I Turbo Executive,"156,025 km (96,949 mi) · Automatic · LHD · Original & Highly Original",Italy,"€11,000
SOLD",Catawiki,Auction,"Aug 28, 2022"
1988 BMW 735I,"66,512 mi · Manual · RHD · Original & Highly Original","London, GBR","£5,335
SOLD",Collecting Cars,Auction,"Aug 28, 2022"
1995 BMW 740IL,"50,000 mi · Automatic · LHD · Original & Highly Original","Evanston, IL, USA","$14,750
SOLD",Bring a Trailer,Auction,"Aug 15, 2022"
2008 BMW 750LI,"46,000 mi · Automatic · LHD · Original & Highly Original","Darien, WI, USA","$13,750
SOLD",Bring a Trailer,Auction,"Aug 12, 2022"
1999 BMW 750IL,"53,689 mi · Automatic · RHD · Original & Highly Original","Uxbridge, GBR","£12,750
SOLD",Collecting Cars,Auction,"Aug 10, 2022"
1995 BMW 750IL,"63,200 mi · Automatic · RHD · Original & Highly Original","Oakville, ON, CAN","$16,500
SOLD",Cars & Bids,Auction,"Aug 8, 2022"
1991 BMW 750IL,"184,300 mi · Automatic · LHD · Original & Highly Original","Irvine, CA, USA","$4,000
SOLD",Hemmings,Fixed-price,"Aug 5, 2022"
1993 BMW 740IL,"84,000 mi · Automatic · LHD · Original & Highly Original","Manteca, CA, USA","$5,700
SOLD",AutoHunter,Auction,"Aug 4, 2022"
2001 BMW 740IL,"67,000 mi · Automatic · LHD · Original & Highly Original","Norwalk, CA, USA","$27,000
SOLD",Bring a Trailer,Auction,"Aug 4, 2022"
2001 BMW 740I,"88,600 mi · Automatic · LHD · Original & Highly Original","Tampa, FL, USA","$17,000
SOLD",Cars & Bids,Auction,"Aug 3, 2022"
2005 BMW 760LI,"14,000 mi · Automatic · LHD · Original & Highly Original","Saint Paul, MN, USA","$26,750
SOLD",Bring a Trailer,Auction,"Jul 22, 2022"
1997 BMW 750IL,"54,800 mi · Automatic · LHD · Original & Highly Original","Kirkland, WA, USA","$20,000
SOLD",Cars & Bids,Auction,"Jul 18, 2022"
1988 BMW 735I,"109,000 mi · Automatic · LHD · Original & Highly Original","Santa Monica, CA, USA","$8,500
SOLD",Bring a Trailer,Auction,"Jul 14, 2022"
1997 BMW 750IL,"162,900 mi · Automatic · LHD · Original & Highly Original","Ann Arbor, MI, USA","$8,300
SOLD",Cars & Bids,Auction,"Jul 8, 2022"
2003 BMW 745LI,Automatic · LHD · Original & Highly Original,"Orlando, FL, USA","$5,000
SOLD",Mecum,Auction,"Jul 7, 2022"
2000 BMW 750IL,"68,000 mi · Automatic · LHD · Original & Highly Original","Bergen County, NJ, USA","$16,000
SOLD",Bring a Trailer,Auction,"Jul 5, 2022"
2008 BMW 750LI,Automatic · LHD · Original & Highly Original,"Las Vegas, NV, USA","$16,500
SOLD",Barrett-Jackson,Auction,"Jun 30, 2022"
1983 BMW 732I,"195,347 km (121,383 mi) · Automatic · LHD · Original & Highly Original",Netherlands,"€4,100
SOLD",Catawiki,Auction,"Jun 30, 2022"
2001 BMW 740I Sport,"79,000 mi · Automatic · LHD · Original & Highly Original","Dallas, TX, USA","$22,750
SOLD",Bring a Trailer,Auction,"Jun 26, 2022"
2015 BMW 750I,"23,088 mi · Automatic · LHD · Original & Highly Original","Murrieta, CA, USA",SOLD,West Coast Exotic Cars,Fixed-price,"Jun 24, 2022"
2005 BMW 745LI,"27,000 mi · Automatic · LHD · Original & Highly Original","Waltham, MA, USA","$14,100
SOLD",Bring a Trailer,Auction,"Jun 24, 2022"
2001 BMW 740I Sport,"81,000 mi · Automatic · LHD · Original & Highly Original","Glendale, CA, USA","$19,500
SOLD",Bring a Trailer,Auction,"Jun 19, 2022"
2000 BMW 740IL,"53,000 mi · Automatic · LHD · Original & Highly Original","Newport Beach, CA, USA","$19,750
SOLD",Bring a Trailer,Auction,"Jun 4, 2022"
2004 BMW 745I Sport,"42,000 mi · Automatic · LHD · Original & Highly Original","Walworth County, WI, USA","$16,250
SOLD",Bring a Trailer,Auction,"Jun 4, 2022"
2001 BMW 740I Sport Dinan 7,"17,000 mi · Automatic · LHD · Modified","Dallas, TX, USA","$45,000
SOLD",Bring a Trailer,Auction,"Jun 2, 2022"
2016 BMW 750LI xDrive,"41,685 mi · Automatic · LHD · Original & Highly Original","Akron, OH, USA",SOLD,Perfect Auto Collection,Fixed-price,"May 29, 2022"
1998 BMW 740IL,"75,000 mi · Automatic · LHD · Original & Highly Original","Folsom, CA, USA","$13,500
SOLD",Bring a Trailer,Auction,"May 28, 2022"
2013 BMW 760LI Individual,"61,000 mi · Automatic · LHD · Original & Highly Original","Walworth County, WI, USA","$36,500
SOLD",Bring a Trailer,Auction,"May 28, 2022"
2000 BMW 740I,"18,400 mi · Automatic · LHD · Original & Highly Original","Richmond, IN, USA","$31,388
SOLD",Cars & Bids,Auction,"May 25, 2022"
2001 BMW 740I Sport,"67,000 mi · Automatic · LHD · Original & Highly Original","Anaheim, CA, USA","$26,750
SOLD",Bring a Trailer,Auction,"May 21, 2022"
2015 BMW 750LI,"39,896 mi · Automatic · LHD · Original & Highly Original","Akron, OH, USA",SOLD,Perfect Auto Collection,Fixed-price,"May 18, 2022"
2019 BMW M760I xDrive,"15,931 mi · Automatic · LHD · Original & Highly Original","Akron, OH, USA",SOLD,Perfect Auto Collection,Fixed-price,"May 18, 2022"
2000 BMW 750IL,"99,300 mi · Automatic · LHD · Modified","Alpharetta, GA, USA","$8,600
SOLD",Cars & Bids,Auction,"May 18, 2022"
2001 BMW 740IL,"82,000 mi · Automatic · LHD · Original & Highly Original","Phoenix, AZ, USA","$15,000
SOLD",Bring a Trailer,Auction,"May 16, 2022"
2000 BMW 740I,"70,400 mi · Automatic · LHD · Original & Highly Original","Toronto, ON, CAN","$10,200
SOLD",Cars & Bids,Auction,"May 11, 2022"
2001 BMW 740I,"137,700 mi · Automatic · LHD · Original & Highly Original","Vacaville, CA, USA","$7,700
SOLD",Cars & Bids,Auction,"May 9, 2022"
2001 BMW 740I Sport,"94,000 mi · Automatic · LHD · Original & Highly Original","Reno, NV, USA","$20,240
SOLD",Bring a Trailer,Auction,"May 9, 2022"
1992 BMW 735I,"244,212 km (151,746 mi) · Automatic · LHD · Original & Highly Original","Newmarket, ON, CAN","CAD2,825
SOLD",Onemorecar,Auction,"May 7, 2022"
2018 BMW 750I,"29,929 mi · Automatic · LHD · Original & Highly Original","Akron, OH, USA",SOLD,Perfect Auto Collection,Fixed-price,"May 6, 2022"
2001 BMW 740I,"142,000 mi · Automatic · LHD · Original & Highly Original","Central Point, OR, USA","$9,929
SOLD",Bring a Trailer,Auction,"May 6, 2022"
1993 BMW 740IL,"46,000 mi · Automatic · LHD · Original & Highly Original","San Jose, CA, USA","$16,249
SOLD",Bring a Trailer,Auction,"May 5, 2022"
2001 BMW 740I Sport,"87,000 mi · Automatic · LHD · Original & Highly Original","Los Angeles, CA, USA","$16,250
SOLD",Bring a Trailer,Auction,"Apr 26, 2022"
2018 BMW M760I xDrive,"17,007 mi · Automatic · LHD · Original & Highly Original","Akron, OH, USA",SOLD,Perfect Auto Collection,Fixed-price,"Apr 19, 2022"
2000 BMW 740IL,"60,000 mi · Automatic · LHD · Original & Highly Original","San Diego, CA, USA","$20,500
SOLD",Bring a Trailer,Auction,"Apr 19, 2022"
1991 BMW 750IL,"46,000 mi · Automatic · LHD · Original & Highly Original","Powell, OH, USA","$24,000
SOLD",Bring a Trailer,Auction,"Apr 18, 2022"
2009 BMW 750LI,"89,638 mi · Automatic · LHD · Original & Highly Original","Akron, OH, USA",SOLD,Perfect Auto Collection,Fixed-price,"Apr 14, 2022"
2001 BMW 740I,"89,200 mi · Automatic · LHD · Original & Highly Original","Franklin, VA, USA","$10,900
SOLD",Cars & Bids,Auction,"Apr 13, 2022"
1988 BMW 735I,"264,100 km (164,104 mi) · Automatic · LHD · Original & Highly Original","Toronto, ON, CAN","CAD3,650
SOLD",Onemorecar,Auction,"Apr 12, 2022"
1995 BMW 740IL,"73,000 mi · Automatic · LHD · Original & Highly Original","Bayonne, NJ, USA","$14,250
SOLD",Bring a Trailer,Auction,"Apr 11, 2022"
2018 BMW M760I xDrive,"21,925 mi · Automatic · LHD · Original & Highly Original","Akron, OH, USA",SOLD,Perfect Auto Collection,Fixed-price,"Apr 8, 2022"
2016 BMW 750I xDrive,"36,000 mi · Automatic · LHD · Original & Highly Original","Braintree, MA, USA","$43,500
SOLD",Cars & Bids,Auction,"Apr 8, 2022"
2006 BMW 750LI,Automatic · LHD · Original & Highly Original,"West Palm Beach, FL, USA","$14,300
SOLD",Barrett-Jackson,Auction,"Apr 7, 2022"
2012 BMW 750LI Sedan,Automatic · LHD · Original & Highly Original,"West Palm Beach, FL, USA","$17,600
SOLD",Barrett-Jackson,Auction,"Apr 7, 2022"
1989 BMW 735I,"23,000 mi · Automatic · LHD · Original & Highly Original","Henderson County, NC, USA","$19,950
SOLD",Bring a Trailer,Auction,"Apr 4, 2022"
2001 BMW 740I Sport,"56,000 mi · Automatic · LHD · Original & Highly Original","West Chester, PA, USA","$33,000
SOLD",Bring a Trailer,Auction,"Apr 4, 2022"
2007 BMW 750LI,Automatic · LHD · Original & Highly Original,"Houston, TX, USA","$9,000
SOLD",Mecum,Auction,"Mar 31, 2022"
2021 BMW M760I,"6,913 mi · Automatic · LHD · Original & Highly Original","Naples, FL, USA",SOLD,Ferrari of Naples,Fixed-price,"Mar 30, 2022"
1987 BMW L7,"5,824 mi · Automatic · LHD · Original & Highly Original","Suffolk County, NY, USA","$44,735
SOLD",Bring a Trailer,Auction,"Mar 30, 2022"
2001 BMW 740IL,"82,000 mi · Automatic · LHD · Original & Highly Original","Haltom City, TX, USA","$17,650
SOLD",Bring a Trailer,Auction,"Mar 28, 2022"
2001 BMW 740IL,"35,000 mi · Automatic · LHD · Original & Highly Original","Los Angeles, CA, USA","$17,000
SOLD",Bring a Trailer,Auction,"Mar 23, 2022"
1983 BMW 728I Berline,"138,453 km (86,031 mi) · Manual · LHD · Original & Highly Original","Paris, FRA","€8,344
SOLD",Artcurial (EU),Auction,"Mar 19, 2022"
2013 BMW 750I xDrive M Sport,"13,000 mi · Automatic · LHD · Original & Highly Original","Glenview, IL, USA","$41,000
SOLD",Bring a Trailer,Auction,"Mar 19, 2022"
1985 BMW 735I,"277,727 km (172,572 mi) · Automatic · LHD · Original & Highly Original","Písek, CZE",SOLD,Auctomobile,Fixed-price,"Mar 18, 2022"
1998 BMW 740IL,"100,000 mi · Automatic · LHD · Original & Highly Original","Stratford, CT, USA","$6,800
SOLD",Bring a Trailer,Auction,"Mar 16, 2022"
2008 BMW 750LI,"42,000 mi · Automatic · LHD · Original & Highly Original","Glendale, AZ, USA","$15,000
SOLD",Mecum,Auction,"Mar 16, 2022"
1982 BMW 735I,"41,409 mi · Automatic · RHD · Original & Highly Original","Leicester, GBR","£11,805
SOLD",Collecting Cars,Auction,"Mar 14, 2022"
2010 BMW 750I,"114,000 mi · Automatic · RHD · Original & Highly Original","West Berkshire, GBR","£5,824
SOLD",Historics (UK),Auction,"Mar 12, 2022"
1996 BMW 740I,"62,844 mi · Automatic · RHD · Original & Highly Original","Chesterfield, GBR","£8,700
SOLD",Collecting Cars,Auction,"Mar 10, 2022"
1997 BMW 740I,"126,600 mi · Automatic · LHD · Original & Highly Original","Long Beach, CA, USA","$5,000
SOLD",Cars & Bids,Auction,"Mar 9, 2022"
1998 BMW 740IL,"51,000 mi · Automatic · LHD · Original & Highly Original","Reisterstown, MD, USA","$17,500
SOLD",Bring a Trailer,Auction,"Mar 9, 2022"
2008 BMW 750LI,"53,104 mi · Automatic · LHD · Original & Highly Original","Armstrong County, PA, USA","$18,000
SOLD",ACC Auctions,Auction,"Mar 8, 2022"
1986 BMW 735I 5-Speed,"161,000 mi · Manual · LHD · Original & Highly Original","Walnut Creek, CA, USA","$18,750
SOLD",Bring a Trailer,Auction,"Mar 3, 2022"
2001 BMW 740IL,"47,000 mi · Automatic · LHD · Original & Highly Original","Morgan Hill, CA, USA","$19,300
SOLD",AutoHunter,Auction,"Mar 2, 2022"
2015 BMW 750LI xDrive,"58,317 mi · Automatic · LHD · Original & Highly Original","Akron, OH, USA",SOLD,Perfect Auto Collection,Fixed-price,"Feb 28, 2022"
1995 BMW 740I,"50,000 mi · Automatic · LHD · Original & Highly Original","Doylestown Township, PA, USA","$15,000
SOLD",Bring a Trailer,Auction,"Feb 25, 2022"
2001 BMW 740I Sport,"93,000 mi · Automatic · LHD · Original & Highly Original","Berkeley Township, NJ, USA","$20,000
SOLD",Bring a Trailer,Auction,"Feb 24, 2022"
2000 BMW 740I,TMU · Automatic · LHD · Original & Highly Original,"Oceanside, CA, USA","$6,300
SOLD",Cars & Bids,Auction,"Feb 23, 2022"
2006 BMW 760LI,"35,000 mi · Automatic · LHD · Original & Highly Original","Yorba Linda, CA, USA","$19,750
SOLD",Bring a Trailer,Auction,"Feb 23, 2022"
2002 BMW 745I,"99,000 mi · Automatic · RHD · Original & Highly Original","Elmbridge, GBR","£1,550
SOLD",Barons,Auction,"Feb 22, 2022"
2001 BMW 740I,"43,200 mi · Automatic · LHD · Original & Highly Original","Sandwich, MA, USA","$23,250
SOLD",Cars & Bids,Auction,"Feb 14, 2022"
2016 BMW 750I,"42,000 mi · Automatic · LHD · Original & Highly Original","West Sacramento, CA, USA","$38,000
SOLD",Cars & Bids,Auction,"Feb 10, 2022"
2000 BMW 740I,"144,600 mi · Automatic · LHD · Original & Highly Original","Summit County, OH, USA","$7,200
SOLD",Cars & Bids,Auction,"Feb 7, 2022"
1994 BMW 740IL,"61,000 mi · Automatic · LHD · Original & Highly Original","Long Beach, CA, USA","$10,250
SOLD",Bring a Trailer,Auction,"Feb 4, 2022"
2016 BMW 740LE xDrive Iperformance Pack m-Sport,"109,979 km (68,338 mi) · Automatic · LHD · Original & Highly Original","Paris, FRA","€34,500
SOLD",Bonhams,Auction,"Feb 3, 2022"
2001 BMW 740IL,"88,000 mi · Automatic · LHD · Original & Highly Original","Fairfax, VA, USA","$13,000
SOLD",Bring a Trailer,Auction,"Feb 2, 2022"
1997 BMW 740I,"17,000 mi · Automatic · LHD · Original & Highly Original","Ocala, FL, USA","$23,750
SOLD",Bring a Trailer,Auction,"Feb 1, 2022"
2007 BMW 750LI,Automatic · LHD · Modified,"Scottsdale, AZ, USA","$27,500
SOLD",Barrett-Jackson,Auction,"Jan 30, 2022"
2009 BMW 750LI,Automatic · LHD · Original & Highly Original,"Scottsdale, AZ, USA","$21,670
SOLD",Barrett-Jackson,Auction,"Jan 24, 2022"
2001 BMW 740I Sport,"72,000 mi · Automatic · LHD · Original & Highly Original","West Chester, OH, USA","$19,950
SOLD",Bring a Trailer,Auction,"Jan 19, 2022"
1990 BMW 750IL,"149,000 mi · Automatic · LHD · Modified","Santa Fe, NM, USA","$10,000
SOLD",Bring a Trailer,Auction,"Jan 18, 2022"
2000 BMW 740IL,"52,000 mi · Automatic · LHD · Original & Highly Original","Phoenix, AZ, USA","$29,000
SOLD",Bring a Trailer,Auction,"Jan 12, 2022"
2000 BMW 750IL,"87,000 mi · Automatic · LHD · Original & Highly Original","Trenton, MI, USA","$16,900
SOLD",Bring a Trailer,Auction,"Jan 11, 2022"
2006 BMW 760LI Individual,"61,000 mi · Automatic · LHD · Original & Highly Original","Walworth County, WI, USA","$41,000
SOLD",Bring a Trailer,Auction,"Jan 6, 2022"
2003 BMW 745LI,"108,000 mi · Automatic · LHD · Original & Highly Original","Kissimmee, FL, USA","$6,500
SOLD",Mecum,Auction,"Jan 6, 2022"
2013 BMW 740LI,Automatic · LHD · Original & Highly Original,"Kissimmee, FL, USA","$14,000
SOLD",Mecum,Auction,"Jan 6, 2022"
1998 BMW 740I,"79,000 mi · Automatic · LHD · Modified","Somerset County, NJ, USA","$6,800
SOLD",Bring a Trailer,Auction,"Jan 5, 2022"
2005 BMW 745LI,"25,000 mi · Automatic · LHD · Original & Highly Original","Saint Paul, MN, USA","$16,000
SOLD",Bring a Trailer,Auction,"Dec 30, 2021"
1998 BMW 750IL,"198,000 mi · Automatic · LHD · Restored-Modified","Reno, NV, USA","$10,850
SOLD",Cars & Bids,Auction,"Dec 29, 2021"
2001 BMW 740I Sport,"65,000 mi · Automatic · LHD · Original & Highly Original","Wallingford, CT, USA","$30,500
SOLD",Bring a Trailer,Auction,"Dec 29, 2021"
2000 BMW 740I Sport,"63,000 mi · Automatic · LHD · Original & Highly Original","Denver, CO, USA","$13,000
SOLD",Bring a Trailer,Auction,"Dec 28, 2021"
2015 BMW 750I xDrive,"57,564 mi · Automatic · LHD · Original & Highly Original","Akron, OH, USA",SOLD,Perfect Auto Collection,Fixed-price,"Dec 22, 2021"
1999 BMW 740I,"53,000 mi · Automatic · LHD · Original & Highly Original","Palm Springs, CA, USA","$12,000
SOLD",Bring a Trailer,Auction,"Dec 22, 2021"
2001 BMW 740I,"95,900 mi · Automatic · LHD · Original & Highly Original","Glendale, CA, USA","$10,000
SOLD",Cars & Bids,Auction,"Dec 21, 2021"
2018 BMW M760I xDrive,"14,577 mi · Automatic · LHD · Original & Highly Original","Akron, OH, USA",SOLD,Perfect Auto Collection,Fixed-price,"Dec 17, 2021"
2001 BMW 740IL Sport,"88,000 mi · Automatic · LHD · Modified","Saint Cloud, FL, USA","$19,000
SOLD",Bring a Trailer,Auction,"Dec 16, 2021"
1989 E32 BMW 750 il,"89,343 km (55,515 mi) · Automatic · LHD · Original & Highly Original","Neuilly-sur-Seine, FRA","€21,924
SOLD",Aguttes,Auction,"Dec 12, 2021"
1991 BMW 730I,"28,226 km (17,539 mi) · Manual · LHD · Original & Highly Original","Neuilly-sur-Seine, FRA","€21,010
SOLD",Aguttes,Auction,"Dec 12, 2021"
2000 BMW 740IL,"70,000 mi · Automatic · LHD · Original & Highly Original","Chandler, AZ, USA","$11,750
SOLD",Bring a Trailer,Auction,"Dec 9, 2021"
1997 BMW 750IL,"58,000 mi · Automatic · LHD · Original & Highly Original","Bergen County, NJ, USA","$17,250
SOLD",Bring a Trailer,Auction,"Dec 7, 2021"
2006 BMW 760LI,"116,000 mi · Automatic · LHD · Original & Highly Original","New York, NY, USA","$16,250
SOLD",Bring a Trailer,Auction,"Dec 5, 2021"
2001 BMW 740I,"157,800 mi · Automatic · LHD · Modified","Daly City, CA, USA","$6,500
SOLD",Cars & Bids,Auction,"Dec 3, 2021"
2001 BMW 740IL,"88,900 mi · Automatic · LHD · Original & Highly Original","Alamo, CA, USA","$14,500
SOLD",Cars & Bids,Auction,"Dec 1, 2021"
2020 BMW 750I xDrive,"7,100 mi · Automatic · LHD · Original & Highly Original","Akron, OH, USA","$80,000
SOLD",Cars & Bids,Auction,"Nov 29, 2021"
2001 BMW 740I,"90,000 mi · Automatic · LHD · Original & Highly Original","Glendale, CA, USA","$13,700
SOLD",Cars & Bids,Auction,"Nov 24, 2021"
2000 BMW 740IL,"159,000 mi · Automatic · LHD · Original & Highly Original","Los Angeles, CA, USA","$8,000
SOLD",Bring a Trailer,Auction,"Nov 21, 2021"
2001 BMW 740I Sport,"56,000 mi · Automatic · LHD · Original & Highly Original","Philadelphia, PA, USA","$30,500
SOLD",Bring a Trailer,Auction,"Nov 20, 2021"
2001 BMW 740I,"120,100 mi · Automatic · LHD · Modified","Anne Arundel County, MD, USA","$10,000
SOLD",Cars & Bids,Auction,"Nov 19, 2021"
2001 BMW 740IL,TMU · Automatic · LHD · Original & Highly Original,"Bergen County, NJ, USA","$13,000
SOLD",Cars & Bids,Auction,"Nov 17, 2021"
2009 BMW 750I,"80,560 mi · Automatic · LHD · Original & Highly Original","Hunterdon County, NJ, USA","$15,600
SOLD",Hemmings,Auction,"Nov 15, 2021"
1999 BMW 735I Sport,"49,500 km (30,758 mi) · Automatic · RHD · Original & Highly Original","Vale of White Horse, GBR","£7,800
SOLD",The Market by Bonhams,Auction,"Nov 12, 2021"
2010 BMW 750LI,"89,400 mi · Automatic · LHD · Original & Highly Original","Atlanta, GA, USA","$12,800
SOLD",Cars & Bids,Auction,"Nov 12, 2021"
2000 BMW 740I,"72,000 mi · Automatic · LHD · Modified","Suffolk, NY, USA","$20,000
SOLD",Cars & Bids,Auction,"Nov 12, 2021"
2003 BMW 760LI,"90,700 mi · Automatic · LHD · Original & Highly Original","Madera, CA, USA","$11,500
SOLD",Cars & Bids,Auction,"Nov 11, 2021"
2001 BMW 740I,"114,200 mi · Automatic · LHD · Original & Highly Original","Vancouver, WA, USA","$16,250
SOLD",Cars & Bids,Auction,"Nov 9, 2021"
1998 BMW 750I,"90,500 mi · Automatic · LHD · Modified","Lexington, SC, USA","$18,500
SOLD",Cars & Bids,Auction,"Nov 5, 2021"
2001 BMW 740I,"224,300 mi · Automatic · LHD · Original & Highly Original","La Habra, CA, USA","$9,700
SOLD",Cars & Bids,Auction,"Nov 2, 2021"
2016 BMW 750I xDrive,"42,628 mi · Automatic · LHD · Original & Highly Original","Akron, OH, USA",SOLD,Perfect Auto Collection,Fixed-price,"Nov 1, 2021"
2001 BMW 740I Sport,"47,000 mi · Automatic · LHD · Original & Highly Original","Las Vegas, NV, USA","$41,000
SOLD",Bring a Trailer,Auction,"Nov 1, 2021"
2000 BMW 740I,TMU · Manual · LHD · Restomod & Custom,"Miami, FL, USA","$25,250
SOLD",Cars & Bids,Auction,"Oct 29, 2021"
2017 BMW 750I xDrive M Sport,"37,693 mi · Automatic · LHD · Original & Highly Original","Akron, OH, USA",SOLD,Perfect Auto Collection,Fixed-price,"Oct 27, 2021"
2001 BMW 740I,"129,900 mi · Automatic · LHD · Original & Highly Original","Minneapolis, MN, USA","$12,000
SOLD",Cars & Bids,Auction,"Oct 26, 2021"
2000 BMW 740IL,"55,000 mi · Automatic · LHD · Original & Highly Original","Burlingame, CA, USA","$14,500
SOLD",Bring a Trailer,Auction,"Oct 25, 2021"
1998 BMW 740IL,"39,000 mi · Automatic · LHD · Original & Highly Original","Walworth County, WI, USA","$14,000
SOLD",Bring a Trailer,Auction,"Oct 22, 2021"
2000 BMW 750IL,"121,000 mi · Automatic · LHD · Modified","Schaumburg, IL, USA","$10,500
SOLD",Cars & Bids,Auction,"Oct 21, 2021"
2000 BMW 740IL,Automatic · LHD,"Chattanooga, TN, USA","$6,050
SOLD",Mecum,Auction,"Oct 15, 2021"
2001 BMW 740IL,"30,600 mi · Automatic · LHD · Original & Highly Original","Sarasota, FL, USA","$25,250
SOLD",Cars & Bids,Auction,"Oct 11, 2021"
2007 BMW 750LI,Automatic · LHD · Original & Highly Original,"Las Vegas, NV, USA","$17,050
SOLD",Mecum,Auction,"Oct 7, 2021"
2016 BMW 750I xDrive M Sport,"25,006 mi · Automatic · LHD · Original & Highly Original","Akron, OH, USA",SOLD,Perfect Auto Collection,Fixed-price,"Oct 6, 2021"
1998 BMW 740I,TMU · Manual · LHD · Restored-Modified,"Village of Farmingdale, NY, USA",SOLD,Motorcar Classics,Fixed-price,"Oct 6, 2021"
2011 BMW 740I,"79,200 mi · Automatic · LHD · Original & Highly Original","Fort Myers, FL, USA","$16,005
SOLD",Cars & Bids,Auction,"Oct 5, 2021"
1988 BMW 735I 5-Speed,"132,000 mi · Manual · LHD · Restored-Modified","La Habra, CA, USA","$19,997
SOLD",Bring a Trailer,Auction,"Sep 26, 2021"
2007 BMW 750LI,"105,015 mi · Automatic · LHD · Original & Highly Original","City of Saratoga Springs, NY, USA","$7,425
SOLD",Saratoga Motorcar Auctions,Auction,"Sep 24, 2021"
2004 BMW 735I,"217,250 km (134,993 mi) · Automatic · RHD · Original & Highly Original","Brisbane City, QLD, AUS","AUD7,500
SOLD",Collecting Cars,Auction,"Sep 17, 2021"
2000 BMW 740I Sport,"67,000 mi · Automatic · LHD · Original & Highly Original","Radnor Township, PA, USA","$24,249
SOLD",Bring a Trailer,Auction,"Sep 14, 2021"
1988 BMW 750I,"122,000 mi · Automatic · LHD · Original & Highly Original","Bernards Township, NJ, USA","$16,750
SOLD",Bring a Trailer,Auction,"Sep 14, 2021"
2016 BMW 750I,Automatic · LHD · Original & Highly Original,"Dallas, TX, USA","$33,000
SOLD",Mecum,Auction,"Sep 10, 2021"
2006 BMW 750LI,"126,973 mi · Automatic · LHD · Original & Highly Original","Dallas, TX, USA","$6,600
SOLD",Mecum,Auction,"Sep 8, 2021"
2000 BMW 740IL,"92,955 mi · Automatic · LHD · Original & Highly Original","Dallas, TX, USA","$5,500
SOLD",Mecum,Auction,"Sep 8, 2021"
2007 BMW 750LI,"99,000 mi · Automatic · LHD · Original & Highly Original","Dallas, TX, USA","$9,075
SOLD",Mecum,Auction,"Sep 8, 2021"
2001 BMW 740I Sport,"40,000 mi · Automatic · LHD · Original & Highly Original","Camas, WA, USA","$21,251
SOLD",Bring a Trailer,Auction,"Sep 6, 2021"
2016 BMW 750I xDrive,"45,934 mi · Automatic · LHD · Original & Highly Original","Akron, OH, USA",SOLD,Perfect Auto Collection,Fixed-price,"Sep 4, 2021"
2001 BMW 740I,TMU · Automatic · LHD · Original & Highly Original,"Glendale, CA, USA","$9,500
SOLD",Cars & Bids,Auction,"Sep 3, 2021"
2000 BMW 740IL,"152,300 mi · Automatic · LHD · Original & Highly Original","Gainesville, GA, USA","$7,250
SOLD",Cars & Bids,Auction,"Aug 31, 2021"
2000 BMW 740IL,"55,000 mi · Automatic · LHD · Original & Highly Original","Burlingame, CA, USA","$22,500
SOLD",Bring a Trailer,Auction,"Aug 20, 2021"
2016 BMW 750I xDrive,"53,593 mi · Automatic · LHD · Original & Highly Original","Akron, OH, USA",SOLD,Perfect Auto Collection,Fixed-price,"Aug 6, 2021"
2001 BMW 740I,"145,500 mi · Automatic · LHD · Original & Highly Original","Harford County, MD, USA","$9,238
SOLD",Cars & Bids,Auction,"Aug 6, 2021"
2000 BMW 740I Sport,"108,072 mi · Automatic · RHD · Original & Highly Original","Leatherhead, GBR","£4,500
SOLD",Collecting Cars,Auction,"Aug 4, 2021"
2001 BMW 740I,"189,600 mi · Automatic · LHD · Original & Highly Original","Orange County, CA, USA","$10,000
SOLD",Cars & Bids,Auction,"Aug 3, 2021"
2018 BMW 740E xDrive Iperformance,"17,139 mi · Automatic · LHD · Original & Highly Original","Akron, OH, USA",SOLD,Perfect Auto Collection,Fixed-price,"Jul 30, 2021"
2001 BMW 740I Sport,"94,000 mi · Automatic · LHD · Original & Highly Original","Bergen County, NJ, USA","$24,000
SOLD",Bring a Trailer,Auction,"Jul 30, 2021"
1988 BMW 735I,"77,800 mi · Automatic · LHD · Restored-Original","Los Angeles, CA, USA","$4,600
SOLD",Cars & Bids,Auction,"Jul 29, 2021"
2007 BMW 760LI,"69,000 mi · Automatic · LHD · Original & Highly Original","North Royalton, OH, USA","$27,000
SOLD",Bring a Trailer,Auction,"Jul 28, 2021"
2000 BMW 740I,"88,100 mi · Automatic · LHD · Original & Highly Original","Glocester, RI, USA","$9,200
SOLD",Cars & Bids,Auction,"Jul 27, 2021"
1993 BMW 740IL,"99,391 km (61,759 mi) · Automatic · RHD · Original & Highly Original","New South Wales, AUS","AUD16,750
SOLD",Collecting Cars,Auction,"Jul 21, 2021"
2001 BMW 735I Sport,"48,167 mi · Automatic · RHD · Original & Highly Original","London, GBR","£5,251
SOLD",Collecting Cars,Auction,"Jul 15, 2021"
2003 BMW 760LI,"43,000 mi · Automatic · LHD · Original & Highly Original","Fort Lauderdale, FL, USA","$18,010
SOLD",Bring a Trailer,Auction,"Jul 15, 2021"
2001 BMW 740IL,"68,000 mi · Automatic · LHD · Original & Highly Original","Tucson, AZ, USA","$9,664
SOLD",Bring a Trailer,Auction,"Jul 7, 2021"
2001 BMW 740IL,"82,600 mi · Automatic · LHD · Original & Highly Original","Plano, TX, USA","$8,000
SOLD",Cars & Bids,Auction,"Jun 23, 2021"
1982 BMW 733I,"358,350 km (222,668 mi) · Automatic · RHD · Original & Highly Original","Western Australia, AUS","AUD3,000
SOLD",Collecting Cars,Auction,"Jun 22, 2021"
2009 BMW 750LI,Automatic · LHD · Original & Highly Original,"Las Vegas, NV, USA","$15,400
SOLD",Barrett-Jackson,Auction,"Jun 17, 2021"
2009 BMW 750LI,Automatic · LHD · Original & Highly Original,"Las Vegas, NV, USA","$21,450
SOLD",Barrett-Jackson,Auction,"Jun 17, 2021"
2000 BMW 740I,"90,000 mi · Automatic · LHD · Original & Highly Original","Fairfield, CA, USA","$13,800
SOLD",Cars & Bids,Auction,"Jun 16, 2021"
2006 BMW 750LI,"30,000 mi · Automatic · LHD · Original & Highly Original","Walworth County, WI, USA","$23,250
SOLD",Bring a Trailer,Auction,"Jun 16, 2021"
1992 BMW 735I,"88,900 mi · Automatic · LHD · Original & Highly Original","Waynesboro, VA, USA","$6,000
SOLD",Cars & Bids,Auction,"Jun 14, 2021"
2004 BMW 745LI,"95,423 mi · Automatic · LHD","Tulsa, OK, USA","$8,250
SOLD",Mecum,Auction,"Jun 12, 2021"
1998 BMW 740IL,"76,200 mi · Automatic · LHD · Original & Highly Original","New Port Richey, FL, USA","$4,900
SOLD",Cars & Bids,Auction,"Jun 9, 2021"
1992 BMW 750I L,"112,000 mi · Automatic · RHD · Original & Highly Original","Elmbridge, GBR","£7,480
SOLD",Barons,Auction,"Jun 8, 2021"
1997 BMW 740IL,"43,000 mi · Automatic · LHD · Original & Highly Original","Lincoln, NE, USA","$11,200
SOLD",Cars & Bids,Auction,"May 28, 2021"
1998 BMW 740IL,"114,000 mi · Automatic · LHD · Restored-Original","Moses Lake, WA, USA","$8,500
SOLD",Bring a Trailer,Auction,"May 24, 2021"
2003 BMW 760 li,"60,675 mi · Automatic · RHD · Original & Highly Original","Sevenoaks, GBR","£8,000
SOLD",Collecting Cars,Auction,"May 21, 2021"
1998 BMW 750IL,"36,972 km (22,973 mi) · Automatic · LHD · Original & Highly Original","Marbella, ESP","€23,150
SOLD",Collecting Cars,Auction,"May 20, 2021"
2001 BMW 740I,"18,000 mi · Automatic · LHD · Original & Highly Original","Beverly Hills, CA, USA","$36,500
SOLD",Bring a Trailer,Auction,"May 20, 2021"
2008 BMW 750LI,Automatic · LHD,"Indianapolis, IN, USA","$14,300
SOLD",Mecum,Auction,"May 19, 2021"
2001 BMW 740I Sport,"142,000 mi · Automatic · LHD · Original & Highly Original","Laurel, MD, USA","$9,138
SOLD",Bring a Trailer,Auction,"May 17, 2021"
2003 BMW 745I,Automatic · LHD,"Indianapolis, IN, USA","$8,800
SOLD",Mecum,Auction,"May 14, 2021"
1995 BMW 740IL,"66,000 mi · Automatic · LHD · Original & Highly Original","Woodinville, WA, USA","$14,500
SOLD",Bring a Trailer,Auction,"May 13, 2021"
1997 BMW 740IL,"43,000 mi","Phoenix, AZ, USA","$17,000
SOLD",Bring a Trailer,Auction,"May 6, 2021"
2001 BMW 740I,TMU,"Duncan, SC, USA","$28,250
SOLD",Cars & Bids,Auction,"May 5, 2021"
1998 BMW 750IL,"142,000 mi","Henderson, NV, USA","$8,966
SOLD",Cars & Bids,Auction,"May 4, 2021"
2001 BMW 740I m-Sport,"101,894 mi","Nassau County, NY, USA","$20,000
SOLD",PCARMARKET,Auction,"May 4, 2021"
1999 BMW 750IL,"30,154 mi","Nashville, TN, USA","$32,000
SOLD",RM Sotheby's,Auction,"Apr 29, 2021"
1998 BMW 740IL,"83,500 mi","Perrysburg, OH, USA","$13,420
SOLD",Cars & Bids,Auction,"Apr 21, 2021"
2001 BMW 740I,TMU,"Houston, TX, USA","$18,000
SOLD",Cars & Bids,Auction,"Apr 16, 2021"
2000 BMW 740I Sport,"87,000 mi","Chula Vista, CA, USA","$20,650
SOLD",Bring a Trailer,Auction,"Apr 13, 2021"
2000 BMW 740IL,"99,400 mi","Sugar Land, TX, USA","$9,400
SOLD",Cars & Bids,Auction,"Apr 12, 2021"
2001 BMW 740I Sport,"9,000 mi","Downingtown, PA, USA","$57,500
SOLD",Bring a Trailer,Auction,"Apr 9, 2021"
2011 BMW 750LI Sedan,Automatic,"Houston, TX, USA","$15,950
SOLD",Mecum,Auction,"Apr 8, 2021"
2001 BMW 740I,"144,200 mi","Cook County, IL, USA","$10,000
SOLD",Cars & Bids,Auction,"Apr 5, 2021"
2001 BMW 740IL,"77,000 mi","Montgomery County, PA, USA","$9,700
SOLD",Bring a Trailer,Auction,"Apr 5, 2021"
2018 BMW 750I xDrive,"17,217 mi · Automatic · LHD · Original & Highly Original","Akron, OH, USA",SOLD,Perfect Auto Collection,Fixed-price,"Apr 2, 2021"
1994 BMW 730I,"133,400 mi · Manual · LHD","Chicago, IL, USA","$10,069
SOLD",Cars & Bids,Auction,"Apr 1, 2021"
2001 BMW 750IL,"53,000 mi","Escondido, CA, USA","$26,000
SOLD",Bring a Trailer,Auction,"Apr 1, 2021"
1999 BMW 750IL,"117,667 km (73,115 mi)","Milton Keynes, GBR","£12,000
SOLD",Collecting Cars,Auction,"Mar 31, 2021"
2010 BMW 750LI,"77,900 mi · Automatic","Marietta, GA, USA","$13,500
SOLD",Cars & Bids,Auction,"Mar 30, 2021"
2018 BMW 750I,"15,386 mi · Automatic · LHD · Original & Highly Original","Akron, OH, USA",SOLD,Perfect Auto Collection,Fixed-price,"Mar 29, 2021"
2003 BMW 760I,"45,384 mi · Automatic · RHD","Warwick, GBR","£6,882
SOLD",CCA Everyman Classics (UK),Auction,"Mar 26, 2021"
2009 BMW 750LI,Automatic,"Scottsdale, AZ, USA","$18,150
SOLD",Barrett-Jackson,Auction,"Mar 24, 2021"
2007 BMW 750I,"83,888 mi","Scottsdale, AZ, USA","$11,000
SOLD",Barrett-Jackson,Auction,"Mar 24, 2021"
2000 BMW 740I,"99,000 mi","West Chester, PA, USA","$15,500
SOLD",Bring a Trailer,Auction,"Mar 24, 2021"
1981 BMW 733I 5-Speed,"67,000 mi","Sierra Madre, CA, USA","$18,273
SOLD",Bring a Trailer,Auction,"Mar 23, 2021"
2008 BMW 750LI,"139,900 mi · Automatic","Austin, TX, USA","$6,400
SOLD",Cars & Bids,Auction,"Mar 22, 2021"
1981 BMW 745I,"177,213 km (110,115 mi) · Automatic · LHD · Original & Highly Original","Neuilly-sur-Seine, FRA","€13,930
SOLD",Aguttes,Auction,"Mar 21, 2021"
2002 BMW 745LI,"17,173 mi","England, GBR","£7,312
SOLD",Bonhams,Auction,"Mar 20, 2021"
1985 BMW 735I,TMU,"Bethesda, MD, USA","$8,600
SOLD",Bring a Trailer,Auction,"Mar 20, 2021"
2001 BMW 740I Sport,"142,000 mi","Los Angeles, CA, USA","$6,940
SOLD",Bring a Trailer,Auction,"Mar 18, 2021"
2001 BMW 740I,"89,000 mi","Half Moon Bay, CA, USA","$9,000
SOLD",Bring a Trailer,Auction,"Mar 17, 2021"
1998 BMW 750I,"162,636 mi","London, GBR","£7,600
SOLD",Collecting Cars,Auction,"Mar 10, 2021"
2004 BMW 730 Sport,"36,800 mi","Vale of White Horse, GBR","£8,300
SOLD",The Market by Bonhams,Auction,"Mar 8, 2021"
2000 BMW 740I Sport,"28,000 mi","Charlotte, NC, USA","$42,500
SOLD",Bring a Trailer,Auction,"Mar 4, 2021"
2001 BMW 740IL Sport,"82,000 mi","Plano, TX, USA","$11,000
SOLD",Bring a Trailer,Auction,"Mar 3, 2021"
1998 BMW 740I,TMU,"Austin, TX, USA","$6,186
SOLD",Bring a Trailer,Auction,"Feb 24, 2021"
2003 BMW 760LI,"84,500 mi","Los Angeles, CA, USA","$9,299
SOLD",Cars & Bids,Auction,"Feb 23, 2021"
2001 BMW 740IL Highline,"56,000 mi","Pleasanton, CA, USA","$19,000
SOLD",Bring a Trailer,Auction,"Feb 23, 2021"
2001 BMW 740IL Sport,"74,000 mi","Rockland County, NY, USA","$17,000
SOLD",Bring a Trailer,Auction,"Feb 17, 2021"
2007 BMW 750LI,"73,300 mi · Automatic","Tampa, FL, USA","$6,777
SOLD",Cars & Bids,Auction,"Feb 16, 2021"
2004 BMW 760LI,"50,000 mi","Bergen County, NJ, USA","$18,750
SOLD",Bring a Trailer,Auction,"Feb 12, 2021"
2001 BMW 740I,"126,700 mi","Vancouver, WA, USA","$10,500
SOLD",Cars & Bids,Auction,"Feb 4, 2021"
2000 BMW 740I 6-Speed,TMU · Manual · LHD · Modified,"Brookfield, IL, USA","$13,500
SOLD",Bring a Trailer,Auction,"Feb 4, 2021"
2001 BMW 740I 6-Speed,TMU · Manual · LHD · Modified,"Clearwater, FL, USA","$36,000
SOLD",Bring a Trailer,Auction,"Jan 28, 2021"
2000 BMW 750IL,"30,500 mi","Chicago, IL, USA","$25,550
SOLD",Cars & Bids,Auction,"Jan 27, 2021"
2016 BMW 750I xDrive M Sport,"27,059 mi · Automatic · LHD · Original & Highly Original","Akron, OH, USA",SOLD,Perfect Auto Collection,Fixed-price,"Jan 21, 2021"
2001 BMW 740IL,"70,700 mi","Pittsburgh, PA, USA","$8,100
SOLD",Cars & Bids,Auction,"Jan 20, 2021"
1981 BMW 745I,"111,000 mi","Oklahoma City, OK, USA","$14,000
SOLD",Bring a Trailer,Auction,"Jan 20, 2021"
2000 BMW 740I,"150,000 mi","Orange County, CA, USA","$10,015
SOLD",Bring a Trailer,Auction,"Jan 18, 2021"
2008 BMW 750LI,"72,000 mi · Automatic",,"$12,650
SOLD",Mecum,Auction,"Jan 13, 2021"
2008 BMW 750LI,Automatic,"Kissimmee, FL, USA","$14,300
SOLD",Mecum,Auction,"Jan 10, 2021"
2008 BMW 750LI,"59,000 mi · Automatic","Kissimmee, FL, USA","$14,300
SOLD",Mecum,Auction,"Jan 7, 2021"
2002 BMW 745LI,"17,173 mi","England, GBR","£7,312
SOLD",Bonhams,Auction,"Mar 20, 2021"
1985 BMW 735I,TMU,"Bethesda, MD, USA","$8,600
SOLD",Bring a Trailer,Auction,"Mar 20, 2021"
2001 BMW 740I Sport,"142,000 mi","Los Angeles, CA, USA","$6,940
SOLD",Bring a Trailer,Auction,"Mar 18, 2021"
2001 BMW 740I,"89,000 mi","Half Moon Bay, CA, USA","$9,000
SOLD",Bring a Trailer,Auction,"Mar 17, 2021"
1998 BMW 750I,"162,636 mi","London, GBR","£7,600
SOLD",Collecting Cars,Auction,"Mar 10, 2021"
2004 BMW 730 Sport,"36,800 mi","Vale of White Horse, GBR","£8,300
SOLD",The Market by Bonhams,Auction,"Mar 8, 2021"
2000 BMW 740I Sport,"28,000 mi","Charlotte, NC, USA","$42,500
SOLD",Bring a Trailer,Auction,"Mar 4, 2021"
2001 BMW 740IL Sport,"82,000 mi","Plano, TX, USA","$11,000
SOLD",Bring a Trailer,Auction,"Mar 3, 2021"
1998 BMW 740I,TMU,"Austin, TX, USA","$6,186
SOLD",Bring a Trailer,Auction,"Feb 24, 2021"
2003 BMW 760LI,"84,500 mi","Los Angeles, CA, USA","$9,299
SOLD",Cars & Bids,Auction,"Feb 23, 2021"
2001 BMW 740IL Highline,"56,000 mi","Pleasanton, CA, USA","$19,000
SOLD",Bring a Trailer,Auction,"Feb 23, 2021"
2001 BMW 740IL Sport,"74,000 mi","Rockland County, NY, USA","$17,000
SOLD",Bring a Trailer,Auction,"Feb 17, 2021"
2007 BMW 750LI,"73,300 mi · Automatic","Tampa, FL, USA","$6,777
SOLD",Cars & Bids,Auction,"Feb 16, 2021"
2004 BMW 760LI,"50,000 mi","Bergen County, NJ, USA","$18,750
SOLD",Bring a Trailer,Auction,"Feb 12, 2021"
2001 BMW 740I,"126,700 mi","Vancouver, WA, USA","$10,500
SOLD",Cars & Bids,Auction,"Feb 4, 2021"
2000 BMW 740I 6-Speed,TMU · Manual · LHD · Modified,"Brookfield, IL, USA","$13,500
SOLD",Bring a Trailer,Auction,"Feb 4, 2021"
2001 BMW 740I 6-Speed,TMU · Manual · LHD · Modified,"Clearwater, FL, USA","$36,000
SOLD",Bring a Trailer,Auction,"Jan 28, 2021"
2000 BMW 750IL,"30,500 mi","Chicago, IL, USA","$25,550
SOLD",Cars & Bids,Auction,"Jan 27, 2021"
2016 BMW 750I xDrive M Sport,"27,059 mi · Automatic · LHD · Original & Highly Original","Akron, OH, USA",SOLD,Perfect Auto Collection,Fixed-price,"Jan 21, 2021"
2001 BMW 740IL,"70,700 mi","Pittsburgh, PA, USA","$8,100
SOLD",Cars & Bids,Auction,"Jan 20, 2021"
1981 BMW 745I,"111,000 mi","Oklahoma City, OK, USA","$14,000
SOLD",Bring a Trailer,Auction,"Jan 20, 2021"
2000 BMW 740I,"150,000 mi","Orange County, CA, USA","$10,015
SOLD",Bring a Trailer,Auction,"Jan 18, 2021"
2008 BMW 750LI,"72,000 mi · Automatic",,"$12,650
SOLD",Mecum,Auction,"Jan 13, 2021"
2008 BMW 750LI,Automatic,"Kissimmee, FL, USA","$14,300
SOLD",Mecum,Auction,"Jan 10, 2021"
2008 BMW 750LI,"59,000 mi · Automatic","Kissimmee, FL, USA","$14,300
SOLD",Mecum,Auction,"Jan 7, 2021"
1997 BMW 750IL V12 Saloon,"28,187 mi","England, GBR","£10,125
SOLD",Bonhams,Auction,"Sep 20, 2020"
2000 BMW 735I Individual,TMU,,"£3,885
SOLD",CCA Everyman Classics (UK),Auction,"Sep 19, 2020"
2000 BMW 740I,"144,300 mi","Wheaton, IL, USA","$18,500
SOLD",Cars & Bids,Auction,"Sep 17, 2020"
1991 BMW 750IL,"43,000 mi","Redwood City, CA, USA","$19,250
SOLD",Bring a Trailer,Auction,"Sep 16, 2020"
1990 BMW 750IA,"144,595 km (89,847 mi)","Haute-Garonne, FRA","€13,244
SOLD",Artcurial (EU),Auction,"Sep 13, 2020"
1998 BMW 740IL,"115,700 mi","Martinez, CA, USA","$4,106
SOLD",Cars & Bids,Auction,"Sep 2, 2020"
2007 BMW 750LI,Automatic,"Kissimmee, FL, USA","$8,800
SOLD",Mecum,Auction,"Aug 27, 2020"
1998 BMW 740IL,"154,100 mi","Redwood City, CA, USA","$3,200
SOLD",Cars & Bids,Auction,"Aug 21, 2020"
2000 BMW 740I,"75,500 mi","Chicago, IL, USA","$12,700
SOLD",Cars & Bids,Auction,"Aug 14, 2020"
2001 BMW 740I Sedan,"113,200 mi","San Diego, CA, USA","$9,700
SOLD",Cars & Bids,Auction,"Aug 7, 2020"
2001 BMW 740I,"120,000 mi","Houston, TX, USA","$15,000
SOLD",Bring a Trailer,Auction,"Aug 5, 2020"
2001 BMW 728I,"84,250 mi","Fylde, GBR","£4,200
SOLD",The Market by Bonhams,Auction,"Aug 3, 2020"
1985 BMW 735I SE Auto (E23),"18,608 mi",,"£22,500
SOLD",Silverstone (UK),Auction,"Aug 1, 2020"
2001 BMW 740IL,"86,000 mi","Walnut Creek, CA, USA","$12,300
SOLD",Bring a Trailer,Auction,"Jul 29, 2020"
2016 BMW 750I xDrive,"38,636 mi · Automatic · LHD · Original & Highly Original","Akron, OH, USA",SOLD,Perfect Auto Collection,Fixed-price,"Jul 25, 2020"
2007 BMW 750LI,Automatic,"Indianapolis, IN, USA","$5,500
SOLD",Mecum,Auction,"Jul 17, 2020"
2000 BMW 728 I,"43,000 mi","Vale of White Horse, GBR","£7,850
SOLD",The Market by Bonhams,Auction,"Jul 15, 2020"
2007 BMW 750LI,"143,000 mi · Automatic","Indianapolis, IN, USA","$5,500
SOLD",Mecum,Auction,"Jul 14, 2020"
2007 BMW 750LI,Automatic,"Indianapolis, IN, USA","$7,150
SOLD",Mecum,Auction,"Jul 11, 2020"
2008 BMW 750I,"75,000 mi","Indianapolis, IN, USA","$8,800
SOLD",Mecum,Auction,"Jul 11, 2020"
2012 BMW 750LI,Automatic,"Indianapolis, IN, USA","$13,750
SOLD",Mecum,Auction,"Jul 11, 2020"
2006 BMW 750I,,"Mesa, AZ, USA","$6,050
SOLD",Barrett-Jackson,Auction,"Jul 10, 2020"
1989 BMW 750IL,"34,000 mi","Walnut Creek, CA, USA","$18,000
SOLD",Bring a Trailer,Auction,"Jul 8, 2020"
1984 BMW 733I,"133,000 mi","Pacific Grove, CA, USA","$3,650
SOLD",Hemmings,Auction,"Jul 7, 2020"
2001 BMW 740I Sport 6-Speed,"166,000 mi · Manual · LHD · Modified",,"$12,000
SOLD",Bring a Trailer,Auction,"Jul 7, 2020"
2001 BMW 740IL,"86,000 mi","Walnut Creek, CA, USA","$12,666
SOLD",Bring a Trailer,Auction,"Jul 1, 2020"
2016 BMW 750I xDrive M Sport,"29,224 mi · Automatic · LHD · Original & Highly Original","Akron, OH, USA",SOLD,Perfect Auto Collection,Fixed-price,"Jun 23, 2020"
2016 BMW 750I xDrive,"50,130 mi · Automatic · LHD · Original & Highly Original","Akron, OH, USA",SOLD,Perfect Auto Collection,Fixed-price,"Jun 21, 2020"
2016 BMW 750I xDrive Individual Composition,"22,456 mi · Automatic · LHD · Original & Highly Original","Akron, OH, USA",SOLD,Perfect Auto Collection,Fixed-price,"Jun 11, 2020"
2014 BMW 750LI xDrive,"97,881 mi · Automatic · LHD · Original & Highly Original","Akron, OH, USA",SOLD,Perfect Auto Collection,Fixed-price,"Jun 9, 2020"
2006 BMW 760LI,"50,000 km (31,069 mi)","Victoria, BC, CAN","$18,000
SOLD",Bring a Trailer,Auction,"Jun 1, 2020"
2001 BMW 750IL,,"Costa Mesa, CA, USA","$6,400
SOLD",Bring a Trailer,Auction,"May 25, 2020"
2016 BMW 750I xDrive,"35,256 mi · Automatic · LHD · Original & Highly Original","Akron, OH, USA",SOLD,Perfect Auto Collection,Fixed-price,"May 14, 2020"
1982 BMW 745I,"24,000 km (14,913 mi)","Whatcom County, WA, USA","$18,750
SOLD",Bring a Trailer,Auction,"May 13, 2020"
2015 BMW 750LI xDrive,"25,781 mi · Automatic · LHD · Original & Highly Original","Akron, OH, USA",SOLD,Perfect Auto Collection,Fixed-price,"May 9, 2020"
1987 BMW 735I,"36,000 mi","New York, NY, USA","$13,750
SOLD",Bring a Trailer,Auction,"Apr 29, 2020"
2001 BMW 740I Sport,"97,000 mi","Hamilton County, TN, USA","$10,500
SOLD",Bring a Trailer,Auction,"Apr 27, 2020"
1988 BMW 735I,"69,000 mi","San Rafael, CA, USA","$9,000
SOLD",Bring a Trailer,Auction,"Apr 22, 2020"
2001 BMW 740I Sport,"53,000 mi","Elkton, MD, USA","$13,500
SOLD",Bring a Trailer,Auction,"Apr 17, 2020"
2001 BMW 740I Sport,"82,000 mi","Baltimore County, MD, USA","$8,319
SOLD",Bring a Trailer,Auction,"Apr 15, 2020"
1999 BMW 735I,"209,000 mi",,"£2,808
SOLD",CCA Everyman Classics (UK),Auction,"Apr 13, 2020"
1998 BMW 740IL,"43,000 mi","North Salem, NY, USA","$12,750
SOLD",Bring a Trailer,Auction,"Apr 7, 2020"
2016 BMW 750I xDrive Individual Composition,"42,494 mi · Automatic · LHD · Original & Highly Original","Akron, OH, USA",SOLD,Perfect Auto Collection,Fixed-price,"Mar 31, 2020"
1982 BMW 733I,"18,000 mi","Allen, TX, USA","$4,544
SOLD",Bring a Trailer,Auction,"Mar 23, 2020"
2016 BMW 750I xDrive Individual Composition,"37,789 mi · Automatic · LHD · Original & Highly Original","Akron, OH, USA",SOLD,Perfect Auto Collection,Fixed-price,"Mar 21, 2020"
1998 BMW 740I,"109,000 mi","Oviedo, FL, USA","$5,100
SOLD",Bring a Trailer,Auction,"Mar 20, 2020"
2016 BMW 750I xDrive Individual Composition,"30,624 mi · Automatic · LHD · Original & Highly Original","Akron, OH, USA",SOLD,Perfect Auto Collection,Fixed-price,"Mar 14, 2020"
2016 BMW 750I xDrive M Sport,"37,434 mi · Automatic · LHD · Original & Highly Original","Akron, OH, USA",SOLD,Perfect Auto Collection,Fixed-price,"Mar 14, 2020"
2018 BMW 740I M Sport,"19,000 mi","Glendale, AZ, USA","$44,000
SOLD",Mecum,Auction,"Mar 14, 2020"
1997 BMW 740IL,"70,000 mi","Miami, FL, USA","$7,200
SOLD",Bring a Trailer,Auction,"Mar 13, 2020"
2001 BMW 740I,"18,000 mi","Neptune, NJ, USA","$27,750
SOLD",Bring a Trailer,Auction,"Mar 6, 2020"
1980 BMW 728I,"13,102 mi","Vale of White Horse, GBR","£15,000
SOLD",The Market by Bonhams,Auction,"Feb 27, 2020"
2001 BMW 740IL Sport,"69,000 mi","Irvine, CA, USA","$12,500
SOLD",Bring a Trailer,Auction,"Feb 26, 2020"
1995 BMW 730I,"94,236 mi · Automatic · RHD","Elmbridge, GBR","£1,760
SOLD",Barons,Auction,"Feb 25, 2020"
2001 BMW 740I Sport,"80,000 mi","Flemington, NJ, USA","$11,750
SOLD",Bring a Trailer,Auction,"Feb 17, 2020"
2000 BMW 740IL,"46,000 mi","City of Saint Louis, MO, USA","$16,500
SOLD",Bring a Trailer,Auction,"Feb 14, 2020"
1995 BMW 740I,"73,000 mi","Oakland, CA, USA","$7,200
SOLD",Bring a Trailer,Auction,"Feb 10, 2020"
2016 BMW 750I xDrive,"17,032 mi · Automatic · LHD · Original & Highly Original","Akron, OH, USA",SOLD,Perfect Auto Collection,Fixed-price,"Feb 4, 2020"
2001 BMW 740IL,"61,000 mi","Las Vegas, NV, USA","$13,250
SOLD",Bring a Trailer,Auction,"Feb 3, 2020"
1999 BMW 740IL,"93,000 mi","Miami, FL, USA","$14,000
SOLD",Bring a Trailer,Auction,"Jan 27, 2020"
2001 BMW 740I,"59,000 mi","Jackson County, OR, USA","$12,750
SOLD",Bring a Trailer,Auction,"Jan 23, 2020"
1998 BMW 740IL,"33,000 mi","North Salem, NY, USA","$21,750
SOLD",Bring a Trailer,Auction,"Jan 20, 2020"
2006 BMW 750LI,Automatic,"Scottsdale, AZ, USA","$12,100
SOLD",Barrett-Jackson,Auction,"Jan 19, 2020"
2006 BMW 750LI,Automatic,"Scottsdale, AZ, USA","$9,900
SOLD",Barrett-Jackson,Auction,"Jan 19, 2020"
2016 BMW 750I xDrive Individual,"51,425 mi · Automatic · LHD · Original & Highly Original","Akron, OH, USA",SOLD,Perfect Auto Collection,Fixed-price,"Jan 13, 2020"
2008 BMW 750LI,Automatic,"Scottsdale, AZ, USA","$15,400
SOLD",Barrett-Jackson,Auction,"Jan 13, 2020"
2006 BMW 750LI,Automatic,"Kissimmee, FL, USA","$19,800
SOLD",Mecum,Auction,"Jan 7, 2020"
2010 BMW 750LI xDrive,Automatic,"Kissimmee, FL, USA","$10,450
SOLD",Mecum,Auction,"Jan 7, 2020"
2007 BMW 750I,,"Kissimmee, FL, USA","$9,625
SOLD",Mecum,Auction,"Jan 7, 2020"
2016 BMW 750I xDrive,"33,445 mi · Automatic · LHD · Original & Highly Original","Akron, OH, USA",SOLD,Perfect Auto Collection,Fixed-price,"Dec 20, 2019"
1999 BMW 740I Sport,"99,000 mi","Long Branch, NJ, USA","$9,600
SOLD",Bring a Trailer,Auction,"Dec 20, 2019"
1997 BMW 740IL 6-Speed,"128,000 mi","Horsham Township, PA, USA","$14,750
SOLD",Bring a Trailer,Auction,"Dec 17, 2019"
1990 BMW 750IL,"70,000 mi","Walnut Creek, CA, USA","$9,000
SOLD",Bring a Trailer,Auction,"Dec 17, 2019"
2003 BMW 760LI,,"Kansas City, MO, USA","$9,900
SOLD",Mecum,Auction,"Dec 6, 2019"
1986 BMW 735I,"34,000 mi","Naples, FL, USA","$10,000
SOLD",Bring a Trailer,Auction,"Dec 4, 2019"
2001 BMW 740I Sport,"87,000 mi","Renton, WA, USA","$6,900
SOLD",Bring a Trailer,Auction,"Nov 29, 2019"
1999 BMW 740I,"57,856 mi · Automatic · RHD · Original & Highly Original","Elmbridge, GBR","£3,622
SOLD",Historics (UK),Auction,"Nov 23, 2019"
1986 BMW L7,"137,000 mi","Upland, CA, USA","$21,500
SOLD",Bring a Trailer,Auction,"Nov 8, 2019"
2000 BMW 740I Sport,"121,000 mi","Glendale, CA, USA","$8,355
SOLD",Bring a Trailer,Auction,"Nov 4, 2019"
2003 BMW 745LI,,"Schaumburg, IL, USA","$3,850
SOLD",Mecum,Auction,"Oct 24, 2019"
2007 BMW 750LI,Automatic,"Las Vegas, NV, USA","$11,000
SOLD",Mecum,Auction,"Oct 10, 2019"
2000 BMW 740I Sport,"162,000 mi","Bethesda, MD, USA","$8,450
SOLD",Bring a Trailer,Auction,"Oct 9, 2019"
1985 BMW 735I Auto,"18,000 mi",,"£17,205
SOLD",CCA Everyman Classics (UK),Auction,"Oct 4, 2019"
2008 BMW 750LI,Automatic,"Las Vegas, NV, USA","$8,250
SOLD",Barrett-Jackson,Auction,"Oct 3, 2019"
2001 BMW 740I Sport,"113,000 mi","Los Angeles, CA, USA","$6,969
SOLD",Bring a Trailer,Auction,"Oct 2, 2019"
1988 BMW 750I,"120,000 mi","Sacramento, CA, USA","$8,500
SOLD",Bring a Trailer,Auction,"Oct 1, 2019"
2001 BMW 740IL Sport,"121,000 mi","Tiburon, CA, USA","$7,100
SOLD",Bring a Trailer,Auction,"Sep 25, 2019"
2005 BMW 745LI,,"Louisville, KY, USA","$6,050
SOLD",Mecum,Auction,"Sep 20, 2019"
2008 BMW 750LI,"80,488 mi · Automatic","Louisville, KY, USA","$13,750
SOLD",Mecum,Auction,"Sep 20, 2019"
1985 BMW 745I,"133,000 mi","Seattle, WA, USA","$6,800
SOLD",Bring a Trailer,Auction,"Sep 19, 2019"
2001 BMW 740I Sport,"116,000 mi","San Luis Obispo County, CA, USA","$14,002
SOLD",Bring a Trailer,Auction,"Sep 17, 2019"
1981 BMW 733I 5-Speed,"154,000 mi","Seattle, WA, USA","$8,200
SOLD",Bring a Trailer,Auction,"Sep 12, 2019"
2012 BMW 750LI,"73,000 mi · Automatic","Dallas, TX, USA","$17,600
SOLD",Mecum,Auction,"Sep 7, 2019"
2010 BMW 750LI,Automatic,"Dallas, TX, USA","$16,500
SOLD",Mecum,Auction,"Sep 6, 2019"
1997 BMW 750IL,"20,000 mi","Dublin, OH, USA","$30,000
SOLD",Bring a Trailer,Auction,"Sep 4, 2019"
2006 BMW 750LI,Automatic,"Dallas, TX, USA","$7,700
SOLD",Mecum,Auction,"Sep 4, 2019"
1999 BMW 740IL,,"Auburn, IN, USA","$3,410
SOLD",RM Sotheby's,Auction,"Sep 1, 2019"
2001 BMW 740I M Sport,"78,000 mi","Los Angeles, CA, USA","$17,000
SOLD",Bring a Trailer,Auction,"Aug 23, 2019"
2001 BMW 740I Sport,"108,000 mi","San Diego, CA, USA","$9,000
SOLD",Bring a Trailer,Auction,"Aug 5, 2019"
2007 BMW 750LI,Automatic,"Harrisburg, PA, USA","$8,800
SOLD",Mecum,Auction,"Aug 3, 2019"
2011 BMW 750LI,Automatic,"Harrisburg, PA, USA","$11,550
SOLD",Mecum,Auction,"Aug 2, 2019"
2007 BMW 750LI,Automatic,"Harrisburg, PA, USA","$11,000
SOLD",Mecum,Auction,"Jul 31, 2019"
1985 BMW 735I SE Auto (E23),,,"£22,149
SOLD",Silverstone (UK),Auction,"Jul 28, 2019"
2001 BMW 740IL Sport,"24,000 mi","Medford, OR, USA","$22,250
SOLD",Bring a Trailer,Auction,"Jul 12, 2019"
2001 BMW 740IL,"39,000 mi","Westchester, NY, USA","$24,000
SOLD",Bring a Trailer,Auction,"Jul 5, 2019"
1994 BMW 740IL,"47,000 mi","Phoenix, AZ, USA","$16,500
SOLD",Bring a Trailer,Auction,"Jul 1, 2019"
2008 BMW 750LI,Automatic,"Montville, CT, USA","$8,470
SOLD",Barrett-Jackson,Auction,"Jun 28, 2019"
2006 BMW 750LI,Automatic,"Montville, CT, USA","$9,350
SOLD",Barrett-Jackson,Auction,"Jun 28, 2019"
2008 BMW 750LI,"74,000 mi · Automatic","Indianapolis, IN, USA","$12,100
SOLD",Mecum,Auction,"May 15, 2019"
2010 BMW 750I,Automatic,"Indianapolis, IN, USA","$15,950
SOLD",Mecum,Auction,"May 14, 2019"
1995 BMW 740I,"38,000 mi","Chadds Ford Township, PA, USA","$10,740
SOLD",Bring a Trailer,Auction,"Apr 29, 2019"
2008 BMW 750LI,Automatic,"Palm Beach County, FL, USA","$12,650
SOLD",Barrett-Jackson,Auction,"Apr 13, 2019"
1999 BMW 750I L7,,"Essen, DEU","€23,000
SOLD",RM Sotheby's,Auction,"Apr 12, 2019"
1989 BMW 750IL,,"Essen, DEU","€10,925
SOLD",RM Sotheby's,Auction,"Apr 12, 2019"
2000 BMW 750IL,,"Essen, DEU","€43,700
SOLD",RM Sotheby's,Auction,"Apr 12, 2019"
2008 BMW 750LI,Automatic,"Palm Beach County, FL, USA","$9,350
SOLD",Barrett-Jackson,Auction,"Apr 11, 2019"
2006 BMW 750LI,Automatic,"Palm Beach County, FL, USA","$8,250
SOLD",Barrett-Jackson,Auction,"Apr 11, 2019"
2009 BMW 750LI,Automatic,"Palm Beach County, FL, USA","$12,100
SOLD",Barrett-Jackson,Auction,"Apr 11, 2019"
2004 BMW 745LI,"118,000 mi","Houston, TX, USA","$5,500
SOLD",Mecum,Auction,"Apr 5, 2019"
2000 BMW 740I Sport,"53,000 mi","City of Saint Louis, MO, USA","$14,250
SOLD",Bring a Trailer,Auction,"Apr 4, 2019"
2003 BMW 745LI,"50,000 mi","Glendale, AZ, USA","$7,150
SOLD",Mecum,Auction,"Mar 17, 2019"
2008 BMW 750I,,"Glendale, AZ, USA","$10,450
SOLD",Mecum,Auction,"Mar 17, 2019"
2007 BMW 750LI,Automatic,"Glendale, AZ, USA","$9,350
SOLD",Mecum,Auction,"Mar 14, 2019"
2000 BMW 740IL,,"Glendale, AZ, USA","$2,200
SOLD",Mecum,Auction,"Mar 14, 2019"
2018 BMW M760I xDrive Edition 40 Jahre,"2,250 mi","Fernandina Beach, FL, USA","$137,200
SOLD",Gooding & Company,Auction,"Mar 8, 2019"
1995 BMW 750I L,"69,961 mi · Automatic · RHD · Original & Highly Original","Ascot, GBR","£7,840
SOLD",Historics (UK),Auction,"Mar 2, 2019"
2001 BMW 740I 6-Speed,"53,550 mi · Manual · LHD · Modified","Chesterfield County, VA, USA","$58,000
SOLD",Bring a Trailer,Auction,"Feb 14, 2019"
2001 BMW 740IL,"99,000 mi","Lawrenceville, GA, USA","$6,100
SOLD",Bring a Trailer,Auction,"Feb 13, 2019"
1983 BMW 733I 5-Speed,"173,000 mi","Port Orchard, WA, USA","$5,300
SOLD",Bring a Trailer,Auction,"Feb 12, 2019"
2001 BMW 740IL Sport,"119,000 mi","Tucson, AZ, USA","$5,300
SOLD",Bring a Trailer,Auction,"Feb 7, 2019"
1999 BMW 740I Sport,"98,000 mi","Danville, CA, USA","$11,750
SOLD",Bring a Trailer,Auction,"Jan 21, 2019"
2008 BMW 750I,,"Scottsdale, AZ, USA","$9,350
SOLD",Barrett-Jackson,Auction,"Jan 20, 2019"
2012 BMW 750LI,Automatic,"Scottsdale, AZ, USA","$14,300
SOLD",Barrett-Jackson,Auction,"Jan 20, 2019"
2010 BMW 750I,Automatic,"Scottsdale, AZ, USA","$13,200
SOLD",Barrett-Jackson,Auction,"Jan 20, 2019"
2008 BMW 750LI,Automatic,"Scottsdale, AZ, USA","$11,000
SOLD",Barrett-Jackson,Auction,"Jan 18, 2019"
2011 BMW 750I,Automatic,"Scottsdale, AZ, USA","$22,000
SOLD",Barrett-Jackson,Auction,"Jan 16, 2019"
2001 BMW 750 il Sedan,"26,212 mi","Scottsdale, AZ, USA","$24,200
SOLD",Russo and Steele,Auction,"Jan 16, 2019"
2003 BMW 745 il Sedan,"3,900 mi","Scottsdale, AZ, USA","$7,700
SOLD",Russo and Steele,Auction,"Jan 16, 2019"
2007 BMW 750LI,Automatic,"Scottsdale, AZ, USA","$9,350
SOLD",Barrett-Jackson,Auction,"Jan 14, 2019"
2004 BMW 745I,,"Scottsdale, AZ, USA","$16,500
SOLD",Barrett-Jackson,Auction,"Jan 14, 2019"
2009 BMW 750I,Automatic,"Scottsdale, AZ, USA","$19,250
SOLD",Barrett-Jackson,Auction,"Jan 14, 2019"
2008 BMW 750LI,Automatic,"Scottsdale, AZ, USA","$11,000
SOLD",Barrett-Jackson,Auction,"Jan 14, 2019"
2001 BMW 740I,"90,000 mi","Redwood City, CA, USA","$9,377
SOLD",Bring a Trailer,Auction,"Jan 14, 2019"
2009 BMW 750I,Automatic,"Kissimmee, FL, USA","$8,250
SOLD",Mecum,Auction,"Jan 13, 2019"
2008 BMW 750LI,"92,000 mi · Automatic","Kissimmee, FL, USA","$13,200
SOLD",Mecum,Auction,"Jan 9, 2019"
2008 BMW 750I,,"Kissimmee, FL, USA","$12,650
SOLD",Mecum,Auction,"Jan 8, 2019"
2001 BMW 740IL,,"Kissimmee, FL, USA","$4,675
SOLD",Mecum,Auction,"Jan 6, 2019"
2007 BMW 750LI,"64,060 mi · Automatic","Kissimmee, FL, USA","$7,700
SOLD",Mecum,Auction,"Jan 6, 2019"
2011 BMW 750 li xDrive,Automatic,"Kansas City, MO, USA","$13,750
SOLD",Mecum,Auction,"Dec 8, 2018"
2012 BMW 750LI,"84,000 mi · Automatic","Kansas City, MO, USA","$17,600
SOLD",Mecum,Auction,"Dec 8, 2018"
2004 BMW 745LI,,"Kansas City, MO, USA","$6,600
SOLD",Mecum,Auction,"Dec 6, 2018"
2006 BMW 750LI,Automatic,"Kansas City, MO, USA","$9,350
SOLD",Mecum,Auction,"Dec 6, 2018"
1984 BMW 745I Turbo,"50,000 mi","Paramount, CA, USA","$5,500
SOLD",Bring a Trailer,Auction,"Nov 20, 2018"
1999 BMW 740I Sport,"94,000 mi","Monmouth County, NJ, USA","$8,700
SOLD",Bring a Trailer,Auction,"Nov 16, 2018"
2003 BMW 745LI,"50,000 mi","Las Vegas, NV, USA","$10,175
SOLD",Mecum,Auction,"Nov 15, 2018"
1978 BMW 733I E23,"62,300 mi","Vale of White Horse, GBR","£4,750
SOLD",The Market by Bonhams,Auction,"Nov 13, 2018"
2000 BMW 740I Sedan,,"Schaumburg, IL, USA","$6,050
SOLD",Mecum,Auction,"Oct 26, 2018"
2008 BMW 750LI,Automatic,"Schaumburg, IL, USA","$8,800
SOLD",Mecum,Auction,"Oct 25, 2018"
1986 BMW L7,,"Schaumburg, IL, USA","$8,250
SOLD",Mecum,Auction,"Oct 25, 2018"
2011 BMW 750LI X Drive,Automatic,"Schaumburg, IL, USA","$23,100
SOLD",Mecum,Auction,"Oct 25, 2018"
1979 BMW 733I 4-Speed,"192,000 mi","Temecula, CA, USA","$6,000
SOLD",Bring a Trailer,Auction,"Oct 23, 2018"
2006 BMW 750LI,Automatic,"Dallas, TX, USA","$7,700
SOLD",Mecum,Auction,"Oct 6, 2018"
2008 BMW 750LI,Automatic,"Dallas, TX, USA","$13,200
SOLD",Mecum,Auction,"Oct 4, 2018"
2012 BMW 750LXI,Automatic,"Dallas, TX, USA","$19,800
SOLD",Mecum,Auction,"Oct 4, 2018"
2004 BMW 745I,,"Dallas, TX, USA","$8,250
SOLD",Mecum,Auction,"Oct 3, 2018"
1998 BMW 740IL,"48,000 mi","Mooresville, IN, USA","$7,970
SOLD",Bring a Trailer,Auction,"Oct 1, 2018"
2008 BMW 750LI,Automatic,"Las Vegas, NV, USA","$17,600
SOLD",Barrett-Jackson,Auction,"Sep 29, 2018"
2007 BMW 750LI,Automatic,"Las Vegas, NV, USA","$8,800
SOLD",Barrett-Jackson,Auction,"Sep 29, 2018"
2005 BMW 745LI,,"Las Vegas, NV, USA","$14,300
SOLD",Barrett-Jackson,Auction,"Sep 27, 2018"
2009 BMW 750I,"84,500 mi · Automatic","Louisville, KY, USA","$15,400
SOLD",Mecum,Auction,"Sep 7, 2018"
2011 BMW 750I,Automatic,"Louisville, KY, USA","$18,150
SOLD",Mecum,Auction,"Sep 7, 2018"
1999 BMW 740IL,"62,000 mi","La Mesa, CA, USA","$10,000
SOLD",Bring a Trailer,Auction,"Sep 6, 2018"
1998 BMW 740I Dinan 7,"90,000 mi","Erie County, NY, USA","$10,250
SOLD",Bring a Trailer,Auction,"Aug 27, 2018"
1999 BMW 740I,"93,000 mi","Napa, CA, USA","$13,000
SOLD",Bring a Trailer,Auction,"Aug 20, 2018"
2000 BMW 740I,"22,000 mi","Port Orchard, WA, USA","$24,500
SOLD",Bring a Trailer,Auction,"Aug 8, 2018"
2001 BMW 740IL,"99,870 mi","Phoenix, AZ, USA","$7,777
SOLD",Bring a Trailer,Auction,"Aug 7, 2018"
2001 BMW 740LI,"85,000 mi","Harrisburg, PA, USA","$10,175
SOLD",Mecum,Auction,"Aug 2, 2018"
1999 BMW 740I Sport,"65,700 mi","Westfield, IN, USA","$10,300
SOLD",Bring a Trailer,Auction,"Jul 25, 2018"
1997 BMW 750IL,"15,505 mi","Jackson, WY, USA","$18,000
SOLD",Bring a Trailer,Auction,"Jul 23, 2018"
2001 BMW 740IL Highline,"48,000 mi","Atlanta, GA, USA","$12,900
SOLD",Bring a Trailer,Auction,"Jul 16, 2018"
1998 BMW 750IL,"75,928 km (47,179 mi) · Automatic · RHD · Original & Highly Original","Trafford, GBR","£5,152
SOLD",Historics (UK),Auction,"Jul 7, 2018"
2001 BMW 740I,"137,586 mi","Henderson, NV, USA","$10,000
SOLD",Bring a Trailer,Auction,"Jul 2, 2018"
2004 BMW 745,,"Portland, OR, USA","$7,700
SOLD",Mecum,Auction,"Jun 22, 2018"
2009 BMW 750I,Automatic,"Montville, CT, USA","$16,500
SOLD",Barrett-Jackson,Auction,"Jun 22, 2018"
2006 BMW 750LI,Automatic,"Montville, CT, USA","$15,950
SOLD",Barrett-Jackson,Auction,"Jun 21, 2018"
2004 BMW 745,,"Denver, CO, USA","$3,850
SOLD",Mecum,Auction,"Jun 9, 2018"
2003 BMW 745LI,,"Denver, CO, USA","$7,700
SOLD",Mecum,Auction,"Jun 8, 2018"
1981 BMW 733I 5-Speed,"61,000 mi","Sierra Madre, CA, USA","$9,500
SOLD",Bring a Trailer,Auction,"Jun 4, 2018"
2006 BMW 750LI,"71,600 mi · Automatic","Indianapolis, IN, USA","$7,150
SOLD",Mecum,Auction,"May 20, 2018"
2007 BMW 750LI,Automatic,"Indianapolis, IN, USA","$7,700
SOLD",Mecum,Auction,"May 16, 2018"
2006 BMW 750I,"21,030 mi","Indianapolis, IN, USA","$14,300
SOLD",Mecum,Auction,"May 16, 2018"
2006 BMW 750LI,Automatic,"Indianapolis, IN, USA","$6,600
SOLD",Mecum,Auction,"May 15, 2018"
2001 BMW 740I Sport 6-Speed,"51,594 mi · Manual · LHD · Modified","Tupelo, MS, USA","$40,999
SOLD",Bring a Trailer,Auction,"May 3, 2018"
2006 BMW 750LI Sedan,Automatic,"Palm Beach County, FL, USA","$13,750
SOLD",Barrett-Jackson,Auction,"Apr 15, 2018"
2007 BMW 750LI,Automatic,"Palm Beach County, FL, USA","$14,300
SOLD",Barrett-Jackson,Auction,"Apr 15, 2018"
2005 BMW 745LI,,"Palm Beach County, FL, USA","$12,100
SOLD",Barrett-Jackson,Auction,"Apr 15, 2018"
2007 BMW 750LI,Automatic,"Palm Beach County, FL, USA","$15,400
SOLD",Barrett-Jackson,Auction,"Apr 12, 2018"
2001 BMW 740IL,"34,997 mi","Westchester, NY, USA","$18,000
SOLD",Bring a Trailer,Auction,"Apr 6, 2018"
2003 BMW 745LI,,"Houston, TX, USA","$6,600
SOLD",Mecum,Auction,"Apr 5, 2018"
2001 BMW 740I m-Sport,"78,066 mi","New York, NY, USA","$6,800
SOLD",Bring a Trailer,Auction,"Mar 19, 2018"
2006 BMW 750LI,"85,000 mi · Automatic","Kansas City, MO, USA","$10,450
SOLD",Mecum,Auction,"Mar 17, 2018"
2006 BMW 750LI,Automatic,"Kansas City, MO, USA","$7,700
SOLD",Mecum,Auction,"Mar 16, 2018"
2006 BMW 750,,"Kansas City, MO, USA","$8,250
SOLD",Mecum,Auction,"Mar 16, 2018"
2001 BMW 750IL,"16,109 mi","Los Angeles, CA, USA","$30,500
SOLD",Bring a Trailer,Auction,"Mar 13, 2018"
2003 BMW 745LI Sedan,,"Pomona, CA, USA","$5,500
SOLD",Mecum,Auction,"Feb 16, 2018"
2001 BMW 740IL,"56,133 mi","Pleasanton, CA, USA","$10,500
SOLD",Bring a Trailer,Auction,"Jan 26, 2018"
2011 BMW 750I,Automatic,"Scottsdale, AZ, USA","$22,000
SOLD",Barrett-Jackson,Auction,"Jan 21, 2018"
2004 BMW 745 li,,"Scottsdale, AZ, USA","$10,450
SOLD",Barrett-Jackson,Auction,"Jan 16, 2018"
2012 BMW 750I Sedan,Automatic,"Scottsdale, AZ, USA","$33,000
SOLD",Barrett-Jackson,Auction,"Jan 16, 2018"
2006 BMW 750LI,Automatic,"Kissimmee, FL, USA","$8,800
SOLD",Mecum,Auction,"Jan 14, 2018"
2012 BMW 750LI,"46,503 mi · Automatic","Kissimmee, FL, USA","$23,100
SOLD",Mecum,Auction,"Jan 11, 2018"
2006 BMW 750LI,Automatic,"Kissimmee, FL, USA","$8,800
SOLD",Mecum,Auction,"Jan 9, 2018"
2001 BMW 750IL Protection Package,"90,000 mi","Sacramento County, CA, USA","$12,000
SOLD",Bring a Trailer,Auction,"Jan 8, 2018"
2008 BMW 750LI,Automatic,"Kissimmee, FL, USA","$17,600
SOLD",Mecum,Auction,"Jan 6, 2018"
2007 BMW 750LI,Automatic,"Kissimmee, FL, USA","$16,500
SOLD",Mecum,Auction,"Jan 6, 2018"
2007 BMW 750LI,Automatic,"Kissimmee, FL, USA","$10,450
SOLD",Mecum,Auction,"Jan 5, 2018"
2007 BMW 750LI,Automatic,"Kissimmee, FL, USA","$9,900
SOLD",Mecum,Auction,"Jan 5, 2018"
2001 BMW 740IL 6-Speed,"213,000 mi","Clearwater, FL, USA","$23,250
SOLD",Bring a Trailer,Auction,"Dec 21, 2017"
1985 BMW 735I,"93,450 mi","Tampa, FL, USA","$4,000
SOLD",Bring a Trailer,Auction,"Dec 18, 2017"
1995 BMW 740I Project,"15,519 mi","Houston, TX, USA","$6,600
SOLD",Bring a Trailer,Auction,"Dec 13, 2017"
2007 BMW 750LI,Automatic,"Kansas City, MO, USA","$11,000
SOLD",Mecum,Auction,"Dec 1, 2017"
2010 BMW 750LXI,Automatic,"Kansas City, MO, USA","$12,500
SOLD",Mecum,Auction,"Dec 1, 2017"
2005 BMW 760LI,,"Kansas City, MO, USA","$8,500
SOLD",Mecum,Auction,"Dec 1, 2017"
2005 BMW 745LI,"77,000 mi","Kansas City, MO, USA","$5,500
SOLD",Mecum,Auction,"Dec 1, 2017"
2002 BMW 745,,"Kansas City, MO, USA","$6,500
SOLD",Mecum,Auction,"Nov 30, 2017"
2006 BMW 750LI,"85,000 mi · Automatic","Kansas City, MO, USA","$10,450
SOLD",Mecum,Auction,"Mar 17, 2018"
2006 BMW 750LI,Automatic,"Kansas City, MO, USA","$7,700
SOLD",Mecum,Auction,"Mar 16, 2018"
2006 BMW 750,,"Kansas City, MO, USA","$8,250
SOLD",Mecum,Auction,"Mar 16, 2018"
2001 BMW 750IL,"16,109 mi","Los Angeles, CA, USA","$30,500
SOLD",Bring a Trailer,Auction,"Mar 13, 2018"
2003 BMW 745LI Sedan,,"Pomona, CA, USA","$5,500
SOLD",Mecum,Auction,"Feb 16, 2018"
2001 BMW 740IL,"56,133 mi","Pleasanton, CA, USA","$10,500
SOLD",Bring a Trailer,Auction,"Jan 26, 2018"
2011 BMW 750I,Automatic,"Scottsdale, AZ, USA","$22,000
SOLD",Barrett-Jackson,Auction,"Jan 21, 2018"
2004 BMW 745 li,,"Scottsdale, AZ, USA","$10,450
SOLD",Barrett-Jackson,Auction,"Jan 16, 2018"
2012 BMW 750I Sedan,Automatic,"Scottsdale, AZ, USA","$33,000
SOLD",Barrett-Jackson,Auction,"Jan 16, 2018"
2006 BMW 750LI,Automatic,"Kissimmee, FL, USA","$8,800
SOLD",Mecum,Auction,"Jan 14, 2018"
2012 BMW 750LI,"46,503 mi · Automatic","Kissimmee, FL, USA","$23,100
SOLD",Mecum,Auction,"Jan 11, 2018"
2006 BMW 750LI,Automatic,"Kissimmee, FL, USA","$8,800
SOLD",Mecum,Auction,"Jan 9, 2018"
2001 BMW 750IL Protection Package,"90,000 mi","Sacramento County, CA, USA","$12,000
SOLD",Bring a Trailer,Auction,"Jan 8, 2018"
2008 BMW 750LI,Automatic,"Kissimmee, FL, USA","$17,600
SOLD",Mecum,Auction,"Jan 6, 2018"
2007 BMW 750LI,Automatic,"Kissimmee, FL, USA","$16,500
SOLD",Mecum,Auction,"Jan 6, 2018"
2007 BMW 750LI,Automatic,"Kissimmee, FL, USA","$10,450
SOLD",Mecum,Auction,"Jan 5, 2018"
2007 BMW 750LI,Automatic,"Kissimmee, FL, USA","$9,900
SOLD",Mecum,Auction,"Jan 5, 2018"
2001 BMW 740IL 6-Speed,"213,000 mi","Clearwater, FL, USA","$23,250
SOLD",Bring a Trailer,Auction,"Dec 21, 2017"
1985 BMW 735I,"93,450 mi","Tampa, FL, USA","$4,000
SOLD",Bring a Trailer,Auction,"Dec 18, 2017"
1995 BMW 740I Project,"15,519 mi","Houston, TX, USA","$6,600
SOLD",Bring a Trailer,Auction,"Dec 13, 2017"
2007 BMW 750LI,Automatic,"Kansas City, MO, USA","$11,000
SOLD",Mecum,Auction,"Dec 1, 2017"
2010 BMW 750LXI,Automatic,"Kansas City, MO, USA","$12,500
SOLD",Mecum,Auction,"Dec 1, 2017"
2005 BMW 760LI,,"Kansas City, MO, USA","$8,500
SOLD",Mecum,Auction,"Dec 1, 2017"
2005 BMW 745LI,"77,000 mi","Kansas City, MO, USA","$5,500
SOLD",Mecum,Auction,"Dec 1, 2017"
2002 BMW 745,,"Kansas City, MO, USA","$6,500
SOLD",Mecum,Auction,"Nov 30, 2017"
2006 BMW 750LI,"89,000 mi · Automatic","Denver, CO, USA","$9,000
SOLD",Mecum,Auction,"Jul 20, 2017"
2007 BMW 750I Individual,"49,131 mi","Nassau County, NY, USA","$15,888
SOLD",Bring a Trailer,Auction,"Jul 10, 2017"
2006 BMW 750LI,Automatic,"Montville, CT, USA","$13,200
SOLD",Barrett-Jackson,Auction,"Jun 24, 2017"
2006 BMW 750LI 4-Door Sedan,Automatic,"Montville, CT, USA","$16,500
SOLD",Barrett-Jackson,Auction,"Jun 23, 2017"
2006 BMW 750LI,Automatic,"Montville, CT, USA","$15,950
SOLD",Barrett-Jackson,Auction,"Jun 22, 2017"
1982 BMW 733I,"95,700 mi","Denver, CO, USA","$7,000
SOLD",Bring a Trailer,Auction,"Jun 19, 2017"
1997 BMW 740I,,"Portland, OR, USA","$2,000
SOLD",Mecum,Auction,"Jun 17, 2017"
1986 BMW L7,"167,187 mi","Laguna Beach, CA, USA","$4,500
SOLD",Bring a Trailer,Auction,"Jun 8, 2017"
1987 BMW 735I,"144,799 mi","Erie County, NY, USA","$2,000
SOLD",Bring a Trailer,Auction,"Jun 7, 2017"
2007 BMW 750,,"Indianapolis, IN, USA","$7,000
SOLD",Mecum,Auction,"May 16, 2017"
1981 BMW 733I 5-Speed,"145,000 mi","Somerset County, NJ, USA","$2,222
SOLD",Bring a Trailer,Auction,"Apr 26, 2017"
2004 BMW 745 li,,"Palm Beach County, FL, USA","$19,800
SOLD",Barrett-Jackson,Auction,"Apr 8, 2017"
2008 BMW 750LI 4-Door Sedan,Automatic,"Palm Beach County, FL, USA","$19,250
SOLD",Barrett-Jackson,Auction,"Apr 8, 2017"
2003 BMW 745I,,"Palm Beach County, FL, USA","$8,250
SOLD",Barrett-Jackson,Auction,"Apr 6, 2017"
2004 BMW 745I,,"Houston, TX, USA","$6,500
SOLD",Mecum,Auction,"Apr 6, 2017"
2002 BMW 745I,,"Houston, TX, USA","$3,500
SOLD",Mecum,Auction,"Apr 6, 2017"
1985 BMW 735I,"84,000 mi","San Francisco, CA, USA","$7,800
SOLD",Bring a Trailer,Auction,"Mar 28, 2017"
2002 BMW 745I,,"Kansas City, MO, USA","$5,500
SOLD",Mecum,Auction,"Mar 24, 2017"
2010 BMW 750LI xDrive,Automatic,"Kansas City, MO, USA","$18,000
SOLD",Mecum,Auction,"Mar 24, 2017"
2001 BMW 740I,"37,300 mi","San Jose, CA, USA","$16,250
SOLD",Bring a Trailer,Auction,"Mar 22, 2017"
2001 BMW 740IL,"134,000 mi","Denton County, TX, USA","$10,001
SOLD",Bring a Trailer,Auction,"Mar 1, 2017"
1985 BMW 728I 5-Speed,"146,000 mi","San Francisco, CA, USA","$4,276
SOLD",Bring a Trailer,Auction,"Feb 23, 2017"
2000 BMW 740I Sport,"149,000 mi","Huntsville, AL, USA","$6,800
SOLD",Bring a Trailer,Auction,"Jan 25, 2017"
2007 BMW 750LI 4-Door Sedan,Automatic,"Scottsdale, AZ, USA","$13,200
SOLD",Barrett-Jackson,Auction,"Jan 19, 2017"
2006 BMW 750LI,Automatic,"Scottsdale, AZ, USA","$9,350
SOLD",Russo and Steele,Auction,"Jan 18, 2017"
2001 BMW 740I M Package Sedan,,"Scottsdale, AZ, USA","$4,950
SOLD",Russo and Steele,Auction,"Jan 18, 2017"
1994 BMW 740IL Sedan,,"Scottsdale, AZ, USA","$4,950
SOLD",Russo and Steele,Auction,"Jan 18, 2017"
2006 BMW 750LI,Automatic,"Kissimmee, FL, USA","$7,000
SOLD",Mecum,Auction,"Jan 14, 2017"
2010 BMW 750XI,Automatic,"Kissimmee, FL, USA","$13,000
SOLD",Mecum,Auction,"Jan 13, 2017"
2005 BMW 745I,,"Kissimmee, FL, USA","$5,000
SOLD",Mecum,Auction,"Jan 10, 2017"
2003 BMW 745I,,"Kissimmee, FL, USA","$4,750
SOLD",Mecum,Auction,"Jan 10, 2017"
2008 BMW 750LI,Automatic,"Kissimmee, FL, USA","$10,500
SOLD",Mecum,Auction,"Jan 6, 2017"
2006 BMW 750LI,Automatic,"Kansas City, MO, USA","$8,000
SOLD",Mecum,Auction,"Dec 2, 2016"
2001 BMW 740I,"69,000 mi","Kansas City, MO, USA","$8,000
SOLD",Mecum,Auction,"Dec 1, 2016"
2001 BMW 740IL,,"Kansas City, MO, USA","$5,500
SOLD",Mecum,Auction,"Dec 1, 2016"
2005 BMW 745LI,,"Kansas City, MO, USA","$9,000
SOLD",Mecum,Auction,"Dec 1, 2016"
2011 BMW 750LI Sedan,Automatic,"Anaheim, CA, USA","$23,000
SOLD",Mecum,Auction,"Nov 19, 2016"
2010 BMW 750LXI,Automatic,"Dallas, TX, TX, USA","$23,500
SOLD",Mecum,Auction,"Nov 4, 2016"
2006 BMW 750LI,"77,000 mi · Automatic","Dallas, TX, TX, USA","$10,000
SOLD",Mecum,Auction,"Nov 4, 2016"
2007 BMW 750LI,Automatic,"Las Vegas, NV, USA","$30,800
SOLD",Barrett-Jackson,Auction,"Oct 13, 2016"
1980 BMW 745I E23,,"Eure, FRA","€3,040
SOLD",Artcurial (EU),Auction,"Oct 9, 2016"
2005 BMW 745LI,,"Schaumburg, IL, USA","$7,500
SOLD",Mecum,Auction,"Oct 8, 2016"
2008 BMW 750LI,Automatic,"Schaumburg, IL, USA","$12,500
SOLD",Mecum,Auction,"Oct 7, 2016"
2005 BMW 745LI,"66,163 mi","Schaumburg, IL, USA","$9,000
SOLD",Mecum,Auction,"Oct 6, 2016"
2008 BMW 750LI Sedan,Automatic,"Schaumburg, IL, USA","$14,000
SOLD",Mecum,Auction,"Oct 6, 2016"
2008 BMW 750LI Sedan,Automatic,"Louisville, KY, USA","$11,500
SOLD",Mecum,Auction,"Sep 10, 2016"
2007 BMW 750,,"Louisville, KY, USA","$8,000
SOLD",Mecum,Auction,"Sep 10, 2016"
2007 BMW 750I,,"Louisville, KY, USA","$12,000
SOLD",Mecum,Auction,"Sep 9, 2016"
2006 BMW 750LI,Automatic,"Louisville, KY, USA","$9,000
SOLD",Mecum,Auction,"Sep 8, 2016"
2006 BMW 750LI Sedan,Automatic,"Monterey, CA, USA","$8,250
SOLD",Russo and Steele,Auction,"Aug 18, 2016"
1981 BMW 733I,"284,000 km (176,469 mi)","Toronto, ON, CAN","$3,900
SOLD",Bring a Trailer,Auction,"Aug 2, 2016"
2007 BMW 750I,"81,000 mi","Harrisburg, PA, USA","$11,500
SOLD",Mecum,Auction,"Jul 22, 2016"
2008 BMW 750 Sedan,Automatic,"Harrisburg, PA, USA","$9,250
SOLD",Mecum,Auction,"Jul 21, 2016"
2006 BMW 750LI,Automatic,"Denver, CO, USA","$10,000
SOLD",Mecum,Auction,"Jul 8, 2016"
2003 BMW 745,,"Denver, CO, USA","$7,500
SOLD",Mecum,Auction,"Jul 8, 2016"
2008 BMW 750I,,"Denver, CO, USA","$9,000
SOLD",Mecum,Auction,"Jul 8, 2016"
2008 BMW 750I,,"Montville, CT, USA","$20,900
SOLD",Barrett-Jackson,Auction,"Jun 25, 2016"
1998 BMW 740IL,,"Portland, OR, USA","$5,000
SOLD",Mecum,Auction,"Jun 17, 2016"
2008 BMW 750LI Sedan,Automatic,"Portland, OR, USA","$13,500
SOLD",Mecum,Auction,"Jun 17, 2016"
1983 BMW 745I Turbo,"129,700 mi","Raleigh, NC, USA","$16,100
SOLD",Bring a Trailer,Auction,"Jun 9, 2016"
2006 BMW 750I,,"Indianapolis, IN, USA","$7,000
SOLD",Mecum,Auction,"May 18, 2016"
2006 BMW 750I Sedan,,"Indianapolis, IN, USA","$16,000
SOLD",Mecum,Auction,"May 18, 2016"
2006 BMW 750I Sedan,,"Indianapolis, IN, USA","$12,000
SOLD",Mecum,Auction,"May 17, 2016"
2001 BMW 740IL Sport,"153,000 mi","Dallas, TX, USA","$5,600
SOLD",Bring a Trailer,Auction,"May 5, 2016"
2007 BMW 760LI,"35,038 mi · Automatic · LHD · Original & Highly Original","Atlanta, GA, USA",SOLD,Merlin Auto Group,Fixed-price,"Apr 27, 2016"
2004 BMW 745,"86,000 mi","Houston, TX, USA","$8,500
SOLD",Mecum,Auction,"Apr 15, 2016"
2006 BMW 750LI Sedan,Automatic,"Houston, TX, USA","$15,000
SOLD",Mecum,Auction,"Apr 15, 2016"
2005 BMW 760LI Sedan,,"Houston, TX, USA","$10,000
SOLD",Mecum,Auction,"Apr 14, 2016"
2007 BMW 750I Sedan,,"Houston, TX, USA","$12,500
SOLD",Mecum,Auction,"Apr 14, 2016"
2008 BMW 750I 4-Door Sedan,,"Palm Beach County, FL, USA","$27,500
SOLD",Barrett-Jackson,Auction,"Apr 8, 2016"
2006 BMW 750LI,Automatic,"Kansas City, MO, USA","$14,000
SOLD",Mecum,Auction,"Mar 12, 2016"
2001 BMW 740I M Package,,"Scottsdale, AZ, USA","$7,700
SOLD",Russo and Steele,Auction,"Jan 27, 2016"
2001 BMW 740I 4-Door Sedan,,"Scottsdale, AZ, USA","$11,770
SOLD",Barrett-Jackson,Auction,"Jan 26, 2016"
2007 BMW 750LI,Automatic,"Kissimmee, FL, USA","$19,000
SOLD",Mecum,Auction,"Jan 23, 2016"
2010 BMW 750LI,Automatic,"Kissimmee, FL, USA","$26,000
SOLD",Mecum,Auction,"Jan 20, 2016"
2006 BMW 760LI,,"Kissimmee, FL, USA","$9,500
SOLD",Mecum,Auction,"Jan 19, 2016"
2007 BMW 750LI,Automatic,"Kissimmee, FL, USA","$10,500
SOLD",Mecum,Auction,"Jan 17, 2016"
2006 BMW 750LI,Automatic,"Kissimmee, FL, USA","$10,000
SOLD",Mecum,Auction,"Jan 15, 2016"
2006 BMW 750LI,Automatic,"Kissimmee, FL, USA","$13,500
SOLD",Mecum,Auction,"Jan 15, 2016"
2004 BMW 745LI,,"Austin, TX, USA","$9,500
SOLD",Mecum,Auction,"Dec 12, 2015"
2005 BMW 760LI,,"Austin, TX, USA","$11,900
SOLD",Mecum,Auction,"Dec 11, 2015"
2008 BMW 750I,,"Schaumburg, IL, USA","$13,500
SOLD",Mecum,Auction,"Oct 9, 2015"
1995 BMW 740IL,,"Schaumburg, IL, USA","$3,250
SOLD",Mecum,Auction,"Oct 8, 2015"
2003 BMW 745LI,,"Schaumburg, IL, USA","$9,500
SOLD",Mecum,Auction,"Oct 8, 2015"
2001 BMW 740IL Sedan,,"Las Vegas, NV, USA","$9,350
SOLD",Barrett-Jackson,Auction,"Sep 25, 2015"
2003 BMW 745I,,"Dallas, TX, TX, USA","$6,500
SOLD",Mecum,Auction,"Sep 16, 2015"
2007 BMW 750LI,Automatic,"Auburn, IN, USA","$15,950
SOLD",RM Sotheby's,Auction,"Sep 6, 2015"
2006 BMW 750LI,Automatic,"Harrisburg, PA, USA","$15,000
SOLD",Mecum,Auction,"Jul 30, 2015"
2004 BMW 760I V12,"35,000 mi · LHD","New York, NY, USA","$19,750
SOLD",Bring a Trailer,Auction,"Jul 28, 2015"
2001 BMW 740IL,,"Newport Beach, CA, USA","$6,050
SOLD",Russo and Steele,Auction,"Jun 5, 2015"
1998 BMW 740IA Sedan,,"Newport Beach, CA, USA","$7,975
SOLD",Russo and Steele,Auction,"Jun 5, 2015"
2007 BMW 750LI,Automatic,,"$14,190
SOLD",Auctions America (RM Sotheby's),Auction,"May 9, 2015"
2008 BMW 750LI,Automatic,,"$17,600
SOLD",Auctions America (RM Sotheby's),Auction,"May 9, 2015"
1995 BMW 740IL,,"Kansas City, MO, USA","$6,000
SOLD",Mecum,Auction,"Apr 24, 2015"
2001 BMW 740IL Sedan,,"Palm Beach County, FL, USA","$7,700
SOLD",Barrett-Jackson,Auction,"Apr 19, 2015"
1996 BMW 740IL Sedan,,"Palm Beach County, FL, USA","$8,470
SOLD",Barrett-Jackson,Auction,"Apr 19, 2015"
2003 BMW 745I Sedan,,"Palm Beach County, FL, USA","$12,100
SOLD",Barrett-Jackson,Auction,"Apr 18, 2015"
1981 BMW 733I 5-Speed,"150,000 mi","San Marcos, CA, USA","$8,700
SOLD",Bring a Trailer,Auction,"Apr 1, 2015"
2006 BMW 750LI,Automatic,"Kissimmee, FL, USA","$11,500
SOLD",Mecum,Auction,"Jan 22, 2015"
2007 BMW 750LI Sedan,Automatic,"Kissimmee, FL, USA","$12,500
SOLD",Mecum,Auction,"Jan 20, 2015"
2007 BMW 750LI Sedan,"80,000 mi · Automatic","Kissimmee, FL, USA","$14,000
SOLD",Mecum,Auction,"Jan 20, 2015"
2003 BMW 745LI,,"Kissimmee, FL, USA","$8,000
SOLD",Mecum,Auction,"Jan 18, 2015"
2007 BMW 750LI,Automatic,"Kissimmee, FL, USA","$18,500
SOLD",Mecum,Auction,"Jan 17, 2015"
2004 BMW 745IL Sedan,,"Scottsdale, AZ, USA","$11,825
SOLD",Russo and Steele,Auction,"Jan 14, 2015"
1983 BMW 745I,128 mi,"Orange County, CA, USA","$13,500
SOLD",Bring a Trailer,Auction,"Jan 7, 2015"
2007 BMW 750LI,Automatic,"Austin, TX, USA","$11,500
SOLD",Mecum,Auction,"Dec 12, 2014"
1995 BMW 740IL,,"Austin, TX, USA","$6,000
SOLD",Mecum,Auction,"Dec 12, 2014"
2006 BMW 750LI,"34,500 mi · Automatic","Austin, TX, USA","$29,000
SOLD",Mecum,Auction,"Dec 12, 2014"
2006 BMW 750LI,Automatic,"Kansas City, MO, USA","$16,000
SOLD",Mecum,Auction,"Dec 5, 2014"
1998 BMW 740IL,,"Schaumburg, IL, USA","$3,500
SOLD",Mecum,Auction,"Oct 11, 2014"
2007 BMW 750IC,Automatic,"Schaumburg, IL, USA","$10,000
SOLD",Mecum,Auction,"Oct 9, 2014"
2003 BMW 760LI 4 Door Sedan,,"Las Vegas, NV, USA","$16,500
SOLD",Barrett-Jackson,Auction,"Sep 25, 2014"
2006 BMW 750LI,"60,281 mi · Automatic","Dallas, TX, TX, USA","$23,000
SOLD",Mecum,Auction,"Sep 6, 2014"
2006 BMW 750I,,"Dallas, TX, TX, USA","$10,500
SOLD",Mecum,Auction,"Sep 4, 2014"
2006 BMW 750LI,Automatic,"Harrisburg, PA, USA","$13,500
SOLD",Mecum,Auction,"Jul 24, 2014"
2006 BMW 750IL,"70,000 mi · Automatic","Seattle, WA, USA","$15,000
SOLD",Mecum,Auction,"Jun 13, 2014"
2006 BMW 750IL,Automatic,"Seattle, WA, USA","$13,500
SOLD",Mecum,Auction,"Jun 13, 2014"
2006 BMW 750I,"82,500 mi","Seattle, WA, USA","$10,000
SOLD",Mecum,Auction,"Jun 13, 2014"
1998 BMW 740I,"132,800 mi · Automatic · RHD · Original & Highly Original","Trafford, GBR","£1,120
SOLD",Historics (UK),Auction,"Jun 7, 2014"
1981 BMW 732I,"85,788 mi · Manual · RHD","Trafford, GBR","£1,624
SOLD",Historics (UK),Auction,"Jun 7, 2014"
2006 BMW 750I,,"Indianapolis, IN, USA","$14,000
SOLD",Mecum,Auction,"May 14, 2014"
2005 BMW 745I Sport Sedan,"91,527 mi","Indianapolis, IN, USA","$13,000
SOLD",Mecum,Auction,"May 14, 2014"
2008 BMW 760LI Sedan,,"Palm Beach County, FL, USA","$31,900
SOLD",Barrett-Jackson,Auction,"Apr 13, 2014"
2005 BMW 745 li 4 Door Sedan,,"Palm Beach County, FL, USA","$20,900
SOLD",Barrett-Jackson,Auction,"Apr 12, 2014"
2008 BMW 750LI,"100,000 mi · Automatic","Kissimmee, FL, USA","$25,000
SOLD",Mecum,Auction,"Jan 21, 2014"
2006 BMW 750I Sedan,,"Kissimmee, FL, USA","$18,000
SOLD",Mecum,Auction,"Jan 18, 2014"
1998 BMW 740IL Sedan,,"Monterey, CA, USA","$9,000
SOLD",Mecum,Auction,"Aug 15, 2013"
